Diff in /Users/thomas/Downloads/Upgrade Impact CI/engine/examples/execute_universal_v0.rs:31:
     let transaction = &raw["result"];
     let slot = transaction["slot"].as_u64().context("transaction slot")?;
     let proof: LutResolutionProof = serde_json::from_value(input["proof"].clone())?;
-    let scratch = std::env::temp_dir().join(format!("eplyx-universal-probe-{}", std::process::id()));
+    let scratch =
+        std::env::temp_dir().join(format!("eplyx-universal-probe-{}", std::process::id()));
     ensure!(!scratch.exists(), "probe scratch directory already exists");
     std::fs::create_dir_all(&scratch)?;
     let store = EvidenceStore::at(&scratch);
Diff in /Users/thomas/Downloads/Upgrade Impact CI/engine/examples/execute_universal_v0.rs:38:
-    let frozen_transaction = store.put(EvidenceKind::Transaction, &serde_json::to_vec(transaction)?)?;
-    let lookup_tables = raw["evidence"].as_array().context("LUT evidence")?.iter().map(|item| {
-        let address = item["pubkey"].as_str().context("LUT address")?;
-        let provider: ArchiveProvenance = serde_json::from_value(item["provider"].clone())?;
-        let response = BASE64_STANDARD.decode(item["raw_response_base64"].as_str().context("LUT response")?)?;
-        AccountObservation::capture(&store, address, slot, AccountBoundary::EndOfExecutionSlot,
-            provider, &response)
-    }).collect::<Result<Vec<_>>>()?;
-    let execution_input = ExecutionInput::V0 { message: proof.native_v0_message.clone(),
-        frozen_transaction, lookup_tables, slot_hashes: None, claimed_proof: proof.clone() };
+    let frozen_transaction =
+        store.put(EvidenceKind::Transaction, &serde_json::to_vec(transaction)?)?;
+    let lookup_tables = raw["evidence"]
+        .as_array()
+        .context("LUT evidence")?
+        .iter()
+        .map(|item| {
+            let address = item["pubkey"].as_str().context("LUT address")?;
+            let provider: ArchiveProvenance = serde_json::from_value(item["provider"].clone())?;
+            let response = BASE64_STANDARD.decode(
+                item["raw_response_base64"]
+                    .as_str()
+                    .context("LUT response")?,
+            )?;
+            AccountObservation::capture(
+                &store,
+                address,
+                slot,
+                AccountBoundary::EndOfExecutionSlot,
+                provider,
+                &response,
+            )
+        })
+        .collect::<Result<Vec<_>>>()?;
+    let execution_input = ExecutionInput::V0 {
+        message: proof.native_v0_message.clone(),
+        frozen_transaction,
+        lookup_tables,
+        slot_hashes: None,
+        claimed_proof: proof.clone(),
+    };
     let resolved = execution_input.resolve(&store, genesis)?;
     let mut seeds = BTreeMap::new();
     let mut runtime_sysvars = BTreeMap::new();
Diff in /Users/thomas/Downloads/Upgrade Impact CI/engine/examples/execute_universal_v0.rs:51:
-    for item in input["seeds"].as_array().context("historical account seeds")? {
-        let address = item["address"].as_str().context("seed address")?.to_string();
+    for item in input["seeds"]
+        .as_array()
+        .context("historical account seeds")?
+    {
+        let address = item["address"]
+            .as_str()
+            .context("seed address")?
+            .to_string();
         let account = accounts::normalize(&item["account"])?;
-        ensure!(item["data_sha256"].as_str() == Some(hash_bytes(&account.data).as_str()),
-            "seed data hash differs");
-        if item["kind"] == "runtime" { runtime_sysvars.insert(address.clone(), account.clone()); }
-        ensure!(seeds.insert(address, account).is_none(), "duplicate seed address");
+        ensure!(
+            item["data_sha256"].as_str() == Some(hash_bytes(&account.data).as_str()),
+            "seed data hash differs"
+        );
+        if item["kind"] == "runtime" {
+            runtime_sysvars.insert(address.clone(), account.clone());
+        }
+        ensure!(
+            seeds.insert(address, account).is_none(),
+            "duplicate seed address"
+        );
     }
-    let watched = input["watch"].as_array().context("watch list")?.iter()
+    let watched = input["watch"]
+        .as_array()
+        .context("watch list")?
+        .iter()
         .map(|value| value.as_str().context("watch address").map(str::to_string))
         .collect::<Result<Vec<_>>>()?;
-    let absent = input["absent"].as_array().context("absence proof")?.iter()
+    let absent = input["absent"]
+        .as_array()
+        .context("absence proof")?
+        .iter()
         .map(|value| value.as_str().context("absent address").map(str::to_string))
         .collect::<Result<Vec<_>>>()?;
-    let output = LiteSvmBackend.execute(&ExecutionRequest { message: &resolved, seeds: &seeds,
-        absent_pre_accounts: &absent, watched: &watched, runtime_sysvars: &runtime_sysvars,
-        clock: None, programs_to_load: &[], signature_check: false, blockhash_check: false,
-        unlimited_logs: true, slot_hashes: SlotHashesVariant::BackendDefault,
-        require_complete_state: true })?;
-    let tables = proof.native_v0_message.address_table_lookups.iter().map(|lookup| {
-        let account = seeds.get(&lookup.account_key.to_string()).context("LUT account not seeded")?;
-        let table = AddressLookupTable::deserialize(&account.data)?;
-        Ok(json!({"address":lookup.account_key.to_string(),
+    let output = LiteSvmBackend.execute(&ExecutionRequest {
+        message: &resolved,
+        seeds: &seeds,
+        absent_pre_accounts: &absent,
+        watched: &watched,
+        runtime_sysvars: &runtime_sysvars,
+        clock: None,
+        programs_to_load: &[],
+        signature_check: false,
+        blockhash_check: false,
+        unlimited_logs: true,
+        slot_hashes: SlotHashesVariant::BackendDefault,
+        require_complete_state: true,
+    })?;
+    let tables = proof
+        .native_v0_message
+        .address_table_lookups
+        .iter()
+        .map(|lookup| {
+            let account = seeds
+                .get(&lookup.account_key.to_string())
+                .context("LUT account not seeded")?;
+            let table = AddressLookupTable::deserialize(&account.data)?;
+            Ok(json!({"address":lookup.account_key.to_string(),
             "deactivation_slot":table.meta.deactivation_slot,
             "last_extended_slot":table.meta.last_extended_slot}))
-    }).collect::<Result<Vec<_>>>()?;
+        })
+        .collect::<Result<Vec<_>>>()?;
     let inner = output.inner_instructions.iter().map(|group| json!({"outer_index":group.outer_index,
         "instructions":group.instructions.iter().map(|ix| json!({"program_id_index":ix.program_id_index,
             "accounts":ix.accounts,"data_hex":eplyx_engine::hexfmt::encode(&ix.data),
Diff in /Users/thomas/Downloads/Upgrade Impact CI/engine/examples/execute_universal_v0.rs:80:
             "stack_height":ix.stack_height})).collect::<Vec<_>>() })).collect::<Vec<_>>();
-    let post = output.post_accounts.iter().map(|(address, account)|
-        (address.clone(), account.as_ref().map(snapshot).unwrap_or(Value::Null)))
+    let post = output
+        .post_accounts
+        .iter()
+        .map(|(address, account)| {
+            (
+                address.clone(),
+                account.as_ref().map(snapshot).unwrap_or(Value::Null),
+            )
+        })
         .collect::<serde_json::Map<_, _>>();
     let result = json!({"evidence":{"proof_id":proof.proof_id,
         "native_message":proof.native_v0_message,
Diff in /Users/thomas/Downloads/Upgrade Impact CI/engine/examples/import_universal_observation.rs:10:
     message::{ArchiveProvenance, LutResolutionProof},
     replay::hash_bytes,
     universal::{
-        evidence::{AccountBoundary, AccountObservation, ChunkedAccountObservation, EvidenceKind, EvidenceRef, EvidenceStore},
+        evidence::{
+            AccountBoundary, AccountObservation, ChunkedAccountObservation, EvidenceKind,
+            EvidenceRef, EvidenceStore,
+        },
         execution::{InnerGroup, InnerInstruction, ReturnData},
-        model::{AccountSeed, ExecutionInput, ExpectedAccountSource, ExpectedHistoricalOutcome,
+        model::{
+            AccountSeed, ExecutionInput, ExpectedAccountSource, ExpectedHistoricalOutcome,
             FidelityProfile, InstructionAssignment, InstructionRole, ProgramBinaryEvidence,
-            ReplayObservationV2, RuntimeContext, SemanticTarget, WatchedAccount},
+            ReplayObservationV2, RuntimeContext, SemanticTarget, WatchedAccount,
+        },
     },
     versions::{ProgramLoader, LEGACY_BPF_LOADER_ID, UPGRADEABLE_LOADER_ID},
 };
Diff in /Users/thomas/Downloads/Upgrade Impact CI/engine/examples/import_universal_observation.rs:21:
 use serde_json::Value;
 
-fn string<'a>(value: &'a Value, name: &str) -> Result<&'a str> { value.as_str().with_context(|| format!("missing {name}")) }
-fn bytes(value: &Value, name: &str) -> Result<Vec<u8>> { Ok(BASE64_STANDARD.decode(string(value, name)?)?) }
+fn string<'a>(value: &'a Value, name: &str) -> Result<&'a str> {
+    value.as_str().with_context(|| format!("missing {name}"))
+}
+fn bytes(value: &Value, name: &str) -> Result<Vec<u8>> {
+    Ok(BASE64_STANDARD.decode(string(value, name)?)?)
+}
 
 fn content_ref(store: &EvidenceStore, reference: &EvidenceRef) -> Result<Option<EvidenceRef>> {
     match reference.kind {
Diff in /Users/thomas/Downloads/Upgrade Impact CI/engine/examples/import_universal_observation.rs:28:
-        EvidenceKind::AccountObservation => Ok(serde_json::from_slice::<AccountObservation>(&store.get(reference)?)?.content),
-        EvidenceKind::ChunkedAccountObservation => Ok(Some(serde_json::from_slice::<ChunkedAccountObservation>(&store.get(reference)?)?.content)),
+        EvidenceKind::AccountObservation => {
+            Ok(serde_json::from_slice::<AccountObservation>(&store.get(reference)?)?.content)
+        }
+        EvidenceKind::ChunkedAccountObservation => Ok(Some(
+            serde_json::from_slice::<ChunkedAccountObservation>(&store.get(reference)?)?.content,
+        )),
         _ => anyhow::bail!("account source reference has wrong category"),
     }
 }
Diff in /Users/thomas/Downloads/Upgrade Impact CI/engine/examples/import_universal_observation.rs:33:
 
-fn source(store: &EvidenceStore, item: &Value, address: &str, slot: u64,
-    boundary: AccountBoundary, provider: &ArchiveProvenance) -> Result<EvidenceRef> {
+fn source(
+    store: &EvidenceStore,
+    item: &Value,
+    address: &str,
+    slot: u64,
+    boundary: AccountBoundary,
+    provider: &ArchiveProvenance,
+) -> Result<EvidenceRef> {
     match string(&item["kind"], "source kind")? {
-        "full" => AccountObservation::capture(store, address, slot, boundary, provider.clone(),
-            &bytes(&item["raw_base64"], "full raw response")?),
+        "full" => AccountObservation::capture(
+            store,
+            address,
+            slot,
+            boundary,
+            provider.clone(),
+            &bytes(&item["raw_base64"], "full raw response")?,
+        ),
         "chunked" => {
-            ensure!(boundary == AccountBoundary::BeforeTransaction, "chunked source requires predecessor-slot context");
-            let receipts = item["receipts_base64"].as_array().context("chunk receipts")?.iter()
-                .map(|value| bytes(value, "chunk receipt")).collect::<Result<Vec<_>>>()?;
-            let slices = item["slices"].as_array().context("chunk slices")?.iter().map(|part| {
-                Ok((part["offset"].as_u64().context("chunk offset")?, bytes(&part["raw_base64"], "chunk raw response")?))
-            }).collect::<Result<Vec<_>>>()?;
-            ChunkedAccountObservation::capture(store, address, slot, provider.clone(), &receipts, &slices)
+            ensure!(
+                boundary == AccountBoundary::BeforeTransaction,
+                "chunked source requires predecessor-slot context"
+            );
+            let receipts = item["receipts_base64"]
+                .as_array()
+                .context("chunk receipts")?
+                .iter()
+                .map(|value| bytes(value, "chunk receipt"))
+                .collect::<Result<Vec<_>>>()?;
+            let slices = item["slices"]
+                .as_array()
+                .context("chunk slices")?
+                .iter()
+                .map(|part| {
+                    Ok((
+                        part["offset"].as_u64().context("chunk offset")?,
+                        bytes(&part["raw_base64"], "chunk raw response")?,
+                    ))
+                })
+                .collect::<Result<Vec<_>>>()?;
+            ChunkedAccountObservation::capture(
+                store,
+                address,
+                slot,
+                provider.clone(),
+                &receipts,
+                &slices,
+            )
         }
         _ => anyhow::bail!("unknown historical account source kind"),
     }
Diff in /Users/thomas/Downloads/Upgrade Impact CI/engine/examples/import_universal_observation.rs:50:
 }
 
 fn inner(meta: &Value) -> Result<Vec<InnerGroup>> {
-    meta["innerInstructions"].as_array().context("validator CPI groups")?.iter().map(|group| {
-        Ok(InnerGroup { outer_index: group["index"].as_u64().context("outer index")? as usize,
-            instructions: group["instructions"].as_array().context("CPI instructions")?.iter().map(|ix| {
-                Ok(InnerInstruction { program_id_index: u8::try_from(ix["programIdIndex"].as_u64().context("program index")?)?,
-                    accounts: ix["accounts"].as_array().context("account indexes")?.iter()
-                        .map(|v| Ok(u8::try_from(v.as_u64().context("account index")?)?))
-                        .collect::<Result<Vec<_>>>()?,
-                    data: bs58::decode(string(&ix["data"], "CPI data")?).into_vec()?,
-                    stack_height: u8::try_from(ix["stackHeight"].as_u64().context("stack height")?)? })
-            }).collect::<Result<Vec<_>>>()? })
-    }).collect()
+    meta["innerInstructions"]
+        .as_array()
+        .context("validator CPI groups")?
+        .iter()
+        .map(|group| {
+            Ok(InnerGroup {
+                outer_index: group["index"].as_u64().context("outer index")? as usize,
+                instructions: group["instructions"]
+                    .as_array()
+                    .context("CPI instructions")?
+                    .iter()
+                    .map(|ix| {
+                        Ok(InnerInstruction {
+                            program_id_index: u8::try_from(
+                                ix["programIdIndex"].as_u64().context("program index")?,
+                            )?,
+                            accounts: ix["accounts"]
+                                .as_array()
+                                .context("account indexes")?
+                                .iter()
+                                .map(|v| Ok(u8::try_from(v.as_u64().context("account index")?)?))
+                                .collect::<Result<Vec<_>>>()?,
+                            data: bs58::decode(string(&ix["data"], "CPI data")?).into_vec()?,
+                            stack_height: u8::try_from(
+                                ix["stackHeight"].as_u64().context("stack height")?,
+                            )?,
+                        })
+                    })
+                    .collect::<Result<Vec<_>>>()?,
+            })
+        })
+        .collect()
 }
 
 fn build(import: &Value, output: &std::path::Path) -> Result<ReplayObservationV2> {
Diff in /Users/thomas/Downloads/Upgrade Impact CI/engine/examples/import_universal_observation.rs:76:
     ensure!(provider.genesis_hash == genesis, "provider genesis differs");
     let proof: LutResolutionProof = serde_json::from_value(payload["proof"].clone())?;
     let frozen_transaction = store.put(EvidenceKind::Transaction, &serde_json::to_vec(raw)?)?;
-    let lookup_tables = frozen["evidence"].as_array().context("LUT evidence")?.iter().map(|item| {
-        let address = string(&item["pubkey"], "LUT address")?;
-        let item_provider: ArchiveProvenance = serde_json::from_value(item["provider"].clone())?;
-        AccountObservation::capture(&store, address, slot, AccountBoundary::EndOfExecutionSlot,
-            item_provider, &bytes(&item["raw_response_base64"], "LUT response")?)
-    }).collect::<Result<Vec<_>>>()?;
-    let execution = ExecutionInput::V0 { message: proof.native_v0_message.clone(),
-        frozen_transaction, lookup_tables, slot_hashes: None, claimed_proof: proof };
+    let lookup_tables = frozen["evidence"]
+        .as_array()
+        .context("LUT evidence")?
+        .iter()
+        .map(|item| {
+            let address = string(&item["pubkey"], "LUT address")?;
+            let item_provider: ArchiveProvenance =
+                serde_json::from_value(item["provider"].clone())?;
+            AccountObservation::capture(
+                &store,
+                address,
+                slot,
+                AccountBoundary::EndOfExecutionSlot,
+                item_provider,
+                &bytes(&item["raw_response_base64"], "LUT response")?,
+            )
+        })
+        .collect::<Result<Vec<_>>>()?;
+    let execution = ExecutionInput::V0 {
+        message: proof.native_v0_message.clone(),
+        frozen_transaction,
+        lookup_tables,
+        slot_hashes: None,
+        claimed_proof: proof,
+    };
     let resolved = execution.resolve(&store, genesis)?;
-    ensure!(resolved.transaction.signature == signature && resolved.transaction.slot == slot,
-        "frozen transaction identity differs");
+    ensure!(
+        resolved.transaction.signature == signature && resolved.transaction.slot == slot,
+        "frozen transaction identity differs"
+    );
     let mut seed_sources = BTreeMap::new();
     for item in import["seed_sources"].as_array().context("seed sources")? {
         let address = string(&item["address"], "source address")?;
Diff in /Users/thomas/Downloads/Upgrade Impact CI/engine/examples/import_universal_observation.rs:93:
-        ensure!(seed_sources.insert(address.to_string(), item).is_none(), "duplicate seed source");
+        ensure!(
+            seed_sources.insert(address.to_string(), item).is_none(),
+            "duplicate seed source"
+        );
     }
     let mut account_seeds = Vec::new();
     let mut runtime_seeds = Vec::new();
Diff in /Users/thomas/Downloads/Upgrade Impact CI/engine/examples/import_universal_observation.rs:99:
     for item in payload["seeds"].as_array().context("seed accounts")? {
         let address = string(&item["address"], "seed address")?;
         let runtime_or_lut = item["kind"] == "runtime" || item["kind"] == "lut";
-        let boundary = if runtime_or_lut { AccountBoundary::EndOfExecutionSlot } else { AccountBoundary::BeforeTransaction };
-        let source_value = seed_sources.get(address).context("seed has no raw historical source")?;
+        let boundary = if runtime_or_lut {
+            AccountBoundary::EndOfExecutionSlot
+        } else {
+            AccountBoundary::BeforeTransaction
+        };
+        let source_value = seed_sources
+            .get(address)
+            .context("seed has no raw historical source")?;
         let reference = source(&store, source_value, address, slot, boundary, &provider)?;
         let actual = match reference.kind {
-            EvidenceKind::ChunkedAccountObservation => Some(ChunkedAccountObservation::resolve(&store, &reference, address, slot, genesis)?),
+            EvidenceKind::ChunkedAccountObservation => Some(ChunkedAccountObservation::resolve(
+                &store, &reference, address, slot, genesis,
+            )?),
             _ => AccountObservation::resolve(&store, &reference, address, slot, boundary, genesis)?,
-        }.context("seed source is absent")?;
+        }
+        .context("seed source is absent")?;
         let expected = accounts::normalize(&item["account"])?;
-        ensure!(actual == expected && hash_bytes(&actual.data) == string(&item["data_sha256"], "seed data hash")?,
-            "seed content differs from source");
-        let seed = AccountSeed { address: address.into(), boundary, observation: reference.clone() };
-        if item["kind"] == "runtime" { runtime_seeds.push(seed); } else { account_seeds.push(seed); }
+        ensure!(
+            actual == expected
+                && hash_bytes(&actual.data) == string(&item["data_sha256"], "seed data hash")?,
+            "seed content differs from source"
+        );
+        let seed = AccountSeed {
+            address: address.into(),
+            boundary,
+            observation: reference.clone(),
+        };
+        if item["kind"] == "runtime" {
+            runtime_seeds.push(seed);
+        } else {
+            account_seeds.push(seed);
+        }
         seed_refs.insert(address.to_string(), reference);
         seed_accounts.insert(address.to_string(), actual);
     }
Diff in /Users/thomas/Downloads/Upgrade Impact CI/engine/examples/import_universal_observation.rs:117:
     let mut absent_pre_accounts = Vec::new();
-    for item in import["absent_sources"].as_array().context("absence sources")? {
+    for item in import["absent_sources"]
+        .as_array()
+        .context("absence sources")?
+    {
         let address = string(&item["address"], "absent address")?;
-        ensure!(payload["absent"].as_array().context("absence list")?.iter().any(|a| a == address),
-            "absence source not in frozen input");
-        let reference = source(&store, item, address, slot, AccountBoundary::BeforeTransaction, &provider)?;
-        ensure!(AccountObservation::resolve(&store, &reference, address, slot,
-            AccountBoundary::BeforeTransaction, genesis)?.is_none(), "absence source contains an account");
-        absent_pre_accounts.push(AccountSeed { address: address.into(), boundary: AccountBoundary::BeforeTransaction,
-            observation: reference });
+        ensure!(
+            payload["absent"]
+                .as_array()
+                .context("absence list")?
+                .iter()
+                .any(|a| a == address),
+            "absence source not in frozen input"
+        );
+        let reference = source(
+            &store,
+            item,
+            address,
+            slot,
+            AccountBoundary::BeforeTransaction,
+            &provider,
+        )?;
+        ensure!(
+            AccountObservation::resolve(
+                &store,
+                &reference,
+                address,
+                slot,
+                AccountBoundary::BeforeTransaction,
+                genesis
+            )?
+            .is_none(),
+            "absence source contains an account"
+        );
+        absent_pre_accounts.push(AccountSeed {
+            address: address.into(),
+            boundary: AccountBoundary::BeforeTransaction,
+            observation: reference,
+        });
     }
-    ensure!(absent_pre_accounts.len() == payload["absent"].as_array().unwrap().len(), "absence source set incomplete");
+    ensure!(
+        absent_pre_accounts.len() == payload["absent"].as_array().unwrap().len(),
+        "absence source set incomplete"
+    );
     let mut post_sources = BTreeMap::new();
     for item in import["post_sources"].as_array().context("post sources")? {
         let address = string(&item["address"], "post address")?;
Diff in /Users/thomas/Downloads/Upgrade Impact CI/engine/examples/import_universal_observation.rs:132:
-        ensure!(post_sources.insert(address.to_string(), item).is_none(), "duplicate post source");
+        ensure!(
+            post_sources.insert(address.to_string(), item).is_none(),
+            "duplicate post source"
+        );
     }
-    let watched_accounts = payload["watch"].as_array().context("watch list")?.iter().map(|address| {
-        let address = string(address, "watched address")?;
-        let (source, content) = if let Some(post) = post_sources.get(address) {
-            let reference = source(&store, post, address, slot, AccountBoundary::EndOfExecutionSlot, &provider)?;
-            let content = content_ref(&store, &reference)?;
-            (ExpectedAccountSource::Archived(reference), content)
-        } else {
-            let reference = seed_refs.get(address).context("watched account lacks post or pre source")?.clone();
-            let content = content_ref(&store, &reference)?;
-            (ExpectedAccountSource::PreRetained(reference), content)
-        };
-        Ok(WatchedAccount { address: address.into(), source, expected_post_content: content })
-    }).collect::<Result<Vec<_>>>()?;
+    let watched_accounts = payload["watch"]
+        .as_array()
+        .context("watch list")?
+        .iter()
+        .map(|address| {
+            let address = string(address, "watched address")?;
+            let (source, content) = if let Some(post) = post_sources.get(address) {
+                let reference = source(
+                    &store,
+                    post,
+                    address,
+                    slot,
+                    AccountBoundary::EndOfExecutionSlot,
+                    &provider,
+                )?;
+                let content = content_ref(&store, &reference)?;
+                (ExpectedAccountSource::Archived(reference), content)
+            } else {
+                let reference = seed_refs
+                    .get(address)
+                    .context("watched account lacks post or pre source")?
+                    .clone();
+                let content = content_ref(&store, &reference)?;
+                (ExpectedAccountSource::PreRetained(reference), content)
+            };
+            Ok(WatchedAccount {
+                address: address.into(),
+                source,
+                expected_post_content: content,
+            })
+        })
+        .collect::<Result<Vec<_>>>()?;
     let mut binaries = Vec::new();
     let mut dependencies = Vec::new();
     for program in payload["programs"].as_array().context("program manifest")? {
Diff in /Users/thomas/Downloads/Upgrade Impact CI/engine/examples/import_universal_observation.rs:150:
         let id = string(&program["program_id"], "program ID")?;
         let source: ProgramSource = serde_json::from_value(program["source"].clone())?;
         let provenance = &program["provenance"];
-        let loader: Option<ProgramLoader> = provenance["loader"].as_str()
-            .map(|value| serde_json::from_value(Value::String(value.into()))).transpose()?;
-        let deployed_slot = provenance["deploy_slot"].as_u64().or(provenance["deployment_slot"].as_u64());
-        let observed_slot = program["observed_slot"].as_u64().or(provenance["observed_slot"].as_u64());
-        let discovered_by = serde_json::from_value::<Vec<DependencyDiscovery>>(program["discovered_by"].clone())?;
-        let mut dependency = ProgramDependency { program_id: id.into(), source, loader,
-            deployed_slot, binary_sha256: None, binary_len: None, observed_slot,
-            discovered_by, note: None };
+        let loader: Option<ProgramLoader> = provenance["loader"]
+            .as_str()
+            .map(|value| serde_json::from_value(Value::String(value.into())))
+            .transpose()?;
+        let deployed_slot = provenance["deploy_slot"]
+            .as_u64()
+            .or(provenance["deployment_slot"].as_u64());
+        let observed_slot = program["observed_slot"]
+            .as_u64()
+            .or(provenance["observed_slot"].as_u64());
+        let discovered_by =
+            serde_json::from_value::<Vec<DependencyDiscovery>>(program["discovered_by"].clone())?;
+        let mut dependency = ProgramDependency {
+            program_id: id.into(),
+            source,
+            loader,
+            deployed_slot,
+            binary_sha256: None,
+            binary_len: None,
+            observed_slot,
+            discovered_by,
+            note: None,
+        };
         if source == ProgramSource::HistoricalMainnet {
-            let executable = seed_accounts.get(id).context("historical program header not seeded")?;
-            let (elf, programdata_address, programdata_account, loader_id) = match loader.context("historical loader missing")? {
-                ProgramLoader::Legacy => (executable.data.clone(), None, None, LEGACY_BPF_LOADER_ID),
-                ProgramLoader::Upgradeable => {
-                    let pd_address = string(&provenance["programdata_address"], "ProgramData address")?;
-                    let pd = seed_accounts.get(pd_address).context("ProgramData bytes not seeded")?;
-                    ensure!(pd.data.len() >= 45, "ProgramData header truncated");
-                    (pd.data[45..].to_vec(), Some(pd_address.to_string()),
-                        Some(seed_refs.get(pd_address).context("ProgramData source missing")?.clone()), UPGRADEABLE_LOADER_ID)
-                }
-            };
+            let executable = seed_accounts
+                .get(id)
+                .context("historical program header not seeded")?;
+            let (elf, programdata_address, programdata_account, loader_id) =
+                match loader.context("historical loader missing")? {
+                    ProgramLoader::Legacy => {
+                        (executable.data.clone(), None, None, LEGACY_BPF_LOADER_ID)
+                    }
+                    ProgramLoader::Upgradeable => {
+                        let pd_address =
+                            string(&provenance["programdata_address"], "ProgramData address")?;
+                        let pd = seed_accounts
+                            .get(pd_address)
+                            .context("ProgramData bytes not seeded")?;
+                        ensure!(pd.data.len() >= 45, "ProgramData header truncated");
+                        (
+                            pd.data[45..].to_vec(),
+                            Some(pd_address.to_string()),
+                            Some(
+                                seed_refs
+                                    .get(pd_address)
+                                    .context("ProgramData source missing")?
+                                    .clone(),
+                            ),
+                            UPGRADEABLE_LOADER_ID,
+                        )
+                    }
+                };
             let digest = hash_bytes(&elf);
-            ensure!(digest == string(&provenance["sha256"], "ELF hash")?, "historical ELF hash differs");
+            ensure!(
+                digest == string(&provenance["sha256"], "ELF hash")?,
+                "historical ELF hash differs"
+            );
             let elf_ref = store.put(EvidenceKind::ProgramBinary, &elf)?;
             dependency.binary_sha256 = Some(digest);
             dependency.binary_len = Some(elf.len() as u64);
Diff in /Users/thomas/Downloads/Upgrade Impact CI/engine/examples/import_universal_observation.rs:178:
-            binaries.push(ProgramBinaryEvidence { program_id: id.into(), loader: loader_id.into(),
-                programdata_address, deployment_slot: deployed_slot,
+            binaries.push(ProgramBinaryEvidence {
+                program_id: id.into(),
+                loader: loader_id.into(),
+                programdata_address,
+                deployment_slot: deployed_slot,
                 upgrade_authority: provenance["upgrade_authority"].as_str().map(str::to_string),
-                elf: elf_ref, executable_account: seed_refs.get(id).context("program source missing")?.clone(),
-                programdata_account });
+                elf: elf_ref,
+                executable_account: seed_refs.get(id).context("program source missing")?.clone(),
+                programdata_account,
+            });
         }
         dependencies.push(dependency);
     }
Diff in /Users/thomas/Downloads/Upgrade Impact CI/engine/examples/import_universal_observation.rs:186:
     let meta = &raw["meta"];
-    let logs = meta["logMessages"].as_array().context("validator logs")?.iter()
-        .map(|v| string(v, "log").map(str::to_string)).collect::<Result<Vec<_>>>()?;
-    let return_data = if meta["returnData"].is_null() { None } else {
-        Some(ReturnData { program: string(&meta["returnData"]["programId"], "return program")?.into(),
-            data: bytes(&meta["returnData"]["data"][0], "return bytes")? })
+    let logs = meta["logMessages"]
+        .as_array()
+        .context("validator logs")?
+        .iter()
+        .map(|v| string(v, "log").map(str::to_string))
+        .collect::<Result<Vec<_>>>()?;
+    let return_data = if meta["returnData"].is_null() {
+        None
+    } else {
+        Some(ReturnData {
+            program: string(&meta["returnData"]["programId"], "return program")?.into(),
+            data: bytes(&meta["returnData"]["data"][0], "return bytes")?,
+        })
     };
-    let expected = ExpectedHistoricalOutcome { success: meta["err"].is_null(),
+    let expected = ExpectedHistoricalOutcome {
+        success: meta["err"].is_null(),
         error: (!meta["err"].is_null()).then(|| meta["err"].to_string()),
-        fee: meta["fee"].as_u64().context("fee")?, logs, inner_instructions: inner(meta)?,
-        return_data, watched_accounts };
-    let roles = import["instruction_roles"].as_array().context("instruction roles")?.iter().enumerate()
-        .map(|(outer_index, value)| Ok(InstructionAssignment { outer_index,
-            role: serde_json::from_value::<InstructionRole>(value.clone())? }))
+        fee: meta["fee"].as_u64().context("fee")?,
+        logs,
+        inner_instructions: inner(meta)?,
+        return_data,
+        watched_accounts,
+    };
+    let roles = import["instruction_roles"]
+        .as_array()
+        .context("instruction roles")?
+        .iter()
+        .enumerate()
+        .map(|(outer_index, value)| {
+            Ok(InstructionAssignment {
+                outer_index,
+                role: serde_json::from_value::<InstructionRole>(value.clone())?,
+            })
+        })
         .collect::<Result<Vec<_>>>()?;
-    let target_outer_index = import["target_outer_index"].as_u64().context("target index")? as usize;
-    let program_id = resolved.transaction.instructions.get(target_outer_index)
-        .context("target instruction missing")?.program.clone();
+    let target_outer_index = import["target_outer_index"]
+        .as_u64()
+        .context("target index")? as usize;
+    let program_id = resolved
+        .transaction
+        .instructions
+        .get(target_outer_index)
+        .context("target instruction missing")?
+        .program
+        .clone();
     let mut record = ReplayObservationV2 { schema_version: 2, id: String::new(),
         protocol: string(&import["protocol"], "protocol")?.into(), program_id: program_id.clone(),
         genesis_hash: genesis.into(), signature: signature.into(), slot, execution,
Diff in /Users/thomas/Downloads/Upgrade Impact CI/engine/examples/import_universal_observation.rs:224:
 }
 
 fn main() -> Result<()> {
-    let output = PathBuf::from(std::env::args().nth(1).context("output directory required")?);
-    let mut input = String::new(); std::io::stdin().read_to_string(&mut input)?;
+    let output = PathBuf::from(
+        std::env::args()
+            .nth(1)
+            .context("output directory required")?,
+    );
+    let mut input = String::new();
+    std::io::stdin().read_to_string(&mut input)?;
     let import: Value = serde_json::from_str(&input)?;
     let record = build(&import, &output)?;
-    println!("{}", serde_json::json!({"id":record.id,"signature":record.signature,"slot":record.slot}));
+    println!(
+        "{}",
+        serde_json::json!({"id":record.id,"signature":record.signature,"slot":record.slot})
+    );
     Ok(())
 }
 
Diff in /Users/thomas/Downloads/Upgrade Impact CI/engine/examples/measure_universal_replay.rs:1:
 //! Diagnostic timings for the offline schema-2 product path.
-use std::{collections::BTreeMap, fs, path::{Path, PathBuf}, time::Instant};
+use std::{
+    collections::BTreeMap,
+    fs,
+    path::{Path, PathBuf},
+    time::Instant,
+};
 
 use anyhow::{Context, Result};
-use eplyx_engine::{ci::semantic_result, protocol::adapter_for, replay::hash_bytes,
-    types::{AccountSnapshot, NamedAccount}, universal::{evidence::{AccountBoundary,
-        AccountObservation, ChunkedAccountObservation, EvidenceKind, EvidenceStore},
+use eplyx_engine::{
+    ci::semantic_result,
+    protocol::adapter_for,
+    replay::hash_bytes,
+    types::{AccountSnapshot, NamedAccount},
+    universal::{
+        evidence::{
+            AccountBoundary, AccountObservation, ChunkedAccountObservation, EvidenceKind,
+            EvidenceStore,
+        },
         execution::{ExecutionRequest, LiteSvmBackend, SlotHashesVariant},
-        fidelity::compare_v2, model::ReplayObservationV2, pipeline}};
+        fidelity::compare_v2,
+        model::ReplayObservationV2,
+        pipeline,
+    },
+};
 use serde_json::json;
 
 fn hash_inventory(root: &Path) -> Result<(usize, u64)> {
Diff in /Users/thomas/Downloads/Upgrade Impact CI/engine/examples/measure_universal_replay.rs:15:
     fn visit(path: &Path, files: &mut usize, bytes: &mut u64) -> Result<()> {
         for entry in fs::read_dir(path)? {
             let entry = entry?;
-            if entry.file_type()?.is_dir() { visit(&entry.path(), files, bytes)?; }
-            else {
+            if entry.file_type()?.is_dir() {
+                visit(&entry.path(), files, bytes)?;
+            } else {
                 let content = fs::read(entry.path())?;
-                anyhow::ensure!(entry.file_name().to_string_lossy() == hash_bytes(&content),
-                    "evidence content hash differs");
+                anyhow::ensure!(
+                    entry.file_name().to_string_lossy() == hash_bytes(&content),
+                    "evidence content hash differs"
+                );
                 *files += 1;
                 *bytes += content.len() as u64;
             }
Diff in /Users/thomas/Downloads/Upgrade Impact CI/engine/examples/measure_universal_replay.rs:35:
     for seed in record.account_seeds.iter().chain(&record.runtime.sysvars) {
         match seed.observation.kind {
             EvidenceKind::AccountObservation => {
-                AccountObservation::resolve(store, &seed.observation, &seed.address,
-                    record.slot, seed.boundary, &record.genesis_hash)?;
+                AccountObservation::resolve(
+                    store,
+                    &seed.observation,
+                    &seed.address,
+                    record.slot,
+                    seed.boundary,
+                    &record.genesis_hash,
+                )?;
             }
             EvidenceKind::ChunkedAccountObservation => {
                 anyhow::ensure!(seed.boundary == AccountBoundary::BeforeTransaction);
Diff in /Users/thomas/Downloads/Upgrade Impact CI/engine/examples/measure_universal_replay.rs:43:
-                ChunkedAccountObservation::resolve(store, &seed.observation,
-                    &seed.address, record.slot, &record.genesis_hash)?;
+                ChunkedAccountObservation::resolve(
+                    store,
+                    &seed.observation,
+                    &seed.address,
+                    record.slot,
+                    &record.genesis_hash,
+                )?;
             }
             _ => anyhow::bail!("wrong account evidence category"),
         }
Diff in /Users/thomas/Downloads/Upgrade Impact CI/engine/examples/measure_universal_replay.rs:50:
     Ok(count)
 }
 
-fn ms(started: Instant) -> u128 { started.elapsed().as_millis() }
+fn ms(started: Instant) -> u128 {
+    started.elapsed().as_millis()
+}
 
 fn main() -> Result<()> {
     let corpus = PathBuf::from(std::env::args().nth(1).context("corpus path required")?);
Diff in /Users/thomas/Downloads/Upgrade Impact CI/engine/examples/measure_universal_replay.rs:61:
     let mut rows = Vec::new();
     for path in fs::read_dir(corpus.join("records"))? {
         let path = path?.path();
-        if path.extension().and_then(|e| e.to_str()) != Some("json") { continue; }
+        if path.extension().and_then(|e| e.to_str()) != Some("json") {
+            continue;
+        }
         let record: ReplayObservationV2 = serde_json::from_slice(&fs::read(path)?)?;
         let started = Instant::now();
         let resolved = record.resolve(&store)?;
Diff in /Users/thomas/Downloads/Upgrade Impact CI/engine/examples/measure_universal_replay.rs:69:
         let started = Instant::now();
         let account_count = materialize_accounts(&record, &store)?;
         let account_materialization_ms = ms(started);
-        let request = ExecutionRequest { message: &resolved.message, seeds: &resolved.seeds,
-            absent_pre_accounts: &resolved.absent_pre_accounts, watched: &resolved.watched,
-            runtime_sysvars: &resolved.runtime_sysvars, clock: None, programs_to_load: &[],
+        let request = ExecutionRequest {
+            message: &resolved.message,
+            seeds: &resolved.seeds,
+            absent_pre_accounts: &resolved.absent_pre_accounts,
+            watched: &resolved.watched,
+            runtime_sysvars: &resolved.runtime_sysvars,
+            clock: None,
+            programs_to_load: &[],
             signature_check: record.runtime.signature_check,
-            blockhash_check: record.runtime.blockhash_check, unlimited_logs: true,
-            slot_hashes: SlotHashesVariant::BackendDefault, require_complete_state: true };
+            blockhash_check: record.runtime.blockhash_check,
+            unlimited_logs: true,
+            slot_hashes: SlotHashesVariant::BackendDefault,
+            require_complete_state: true,
+        };
         let (execution, backend) = LiteSvmBackend.execute_timed(&request)?;
         let started = Instant::now();
         let fidelity = compare_v2(&record.expected, &resolved.expected_accounts, &execution);
Diff in /Users/thomas/Downloads/Upgrade Impact CI/engine/examples/measure_universal_replay.rs:86:
         let started = Instant::now();
         let mut subjects = 0;
         if let Some(adapter) = adapter_for(&record.program_id) {
-            let labels = resolved.message.account_keys.iter().enumerate()
-                .map(|(index, address)| (address.clone(), adapter.label(&resolved.message.transaction, index)))
+            let labels = resolved
+                .message
+                .account_keys
+                .iter()
+                .enumerate()
+                .map(|(index, address)| {
+                    (
+                        address.clone(),
+                        adapter.label(&resolved.message.transaction, index),
+                    )
+                })
                 .collect::<BTreeMap<_, _>>();
-            let pre = resolved.watched.iter().map(|address| NamedAccount {
-                label: labels[address].clone(), address: address.clone(),
-                account: resolved.seeds.get(address).cloned().unwrap_or(AccountSnapshot {
-                    owner: "11111111111111111111111111111111".into(), lamports: 0,
-                    data: Vec::new(), executable: false, rent_epoch: 0,
-                }),
-            }).collect::<Vec<_>>();
+            let pre = resolved
+                .watched
+                .iter()
+                .map(|address| NamedAccount {
+                    label: labels[address].clone(),
+                    address: address.clone(),
+                    account: resolved
+                        .seeds
+                        .get(address)
+                        .cloned()
+                        .unwrap_or(AccountSnapshot {
+                            owner: "11111111111111111111111111111111".into(),
+                            lamports: 0,
+                            data: Vec::new(),
+                            executable: false,
+                            rent_epoch: 0,
+                        }),
+                })
+                .collect::<Vec<_>>();
             let adapted = semantic_result(&execution, &labels, &resolved.message.account_keys)?;
-            subjects = adapter.evaluable_subjects(&resolved.message.transaction, &pre).len();
-            anyhow::ensure!(adapter.named_findings(&resolved.message.transaction, &pre,
-                &adapted, &adapted).is_empty(), "baseline semantic self-findings");
+            subjects = adapter
+                .evaluable_subjects(&resolved.message.transaction, &pre)
+                .len();
+            anyhow::ensure!(
+                adapter
+                    .named_findings(&resolved.message.transaction, &pre, &adapted, &adapted)
+                    .is_empty(),
+                "baseline semantic self-findings"
+            );
         }
         let semantic_ms = ms(started);
         rows.push(json!({"record_id":record.id,"account_count":account_count,
Diff in /Users/thomas/Downloads/Upgrade Impact CI/engine/examples/measure_universal_replay.rs:113:
             "full_materiality_profile_ms":full_materiality_profile_ms,"semantic_subjects":subjects}));
     }
     rows.sort_by(|a, b| a["record_id"].as_str().cmp(&b["record_id"].as_str()));
-    println!("{}", serde_json::to_string_pretty(&json!({
-        "evidence_hash_validation_ms":evidence_hash_ms,
-        "evidence_objects":objects,"evidence_bytes":hashed_bytes,
-        "notes":"Timings are diagnostic and overlap. Seeded ProgramData is lazily loaded by LiteSVM during transaction execution; explicit registration is zero for native V0.",
-        "records":rows,
-    }))?);
+    println!(
+        "{}",
+        serde_json::to_string_pretty(&json!({
+            "evidence_hash_validation_ms":evidence_hash_ms,
+            "evidence_objects":objects,"evidence_bytes":hashed_bytes,
+            "notes":"Timings are diagnostic and overlap. Seeded ProgramData is lazily loaded by LiteSVM during transaction execution; explicit registration is zero for native V0.",
+            "records":rows,
+        }))?
+    );
     Ok(())
 }
 
Diff in /Users/thomas/Downloads/Upgrade Impact CI/engine/examples/replay_universal_observation.rs:1:
 //! Offline replay of one schema-2 observation through the generic product core.
-use std::path::PathBuf;
 use anyhow::{Context, Result};
-use eplyx_engine::{replay::hash_bytes, universal::{evidence::EvidenceStore,
-    model::ReplayObservationV2, pipeline}};
+use eplyx_engine::{
+    replay::hash_bytes,
+    universal::{evidence::EvidenceStore, model::ReplayObservationV2, pipeline},
+};
+use std::path::PathBuf;
 
 fn main() -> Result<()> {
     let mut args = std::env::args().skip(1);
Diff in /Users/thomas/Downloads/Upgrade Impact CI/engine/examples/replay_universal_observation.rs:19:
         Some(serde_json::json!({"binary_sha256":hash_bytes(&bytes),
             "execution_evidence_sha256":pipeline::evidence_hash(&result)?,
             "same_execution_evidence":result == baseline}))
-    } else { None };
-    println!("{}", serde_json::json!({"observation_id":record.id,
+    } else {
+        None
+    };
+    println!(
+        "{}",
+        serde_json::json!({"observation_id":record.id,
         "signature":record.signature,"slot":record.slot,
         "fidelity":"matched","fidelity_profile":"complete_execution_v2",
         "baseline_evidence_sha256":pipeline::evidence_hash(&baseline)?,
Diff in /Users/thomas/Downloads/Upgrade Impact CI/engine/examples/replay_universal_observation.rs:27:
-        "watched_accounts":baseline.post_accounts.len(),"candidate":candidate}));
+        "watched_accounts":baseline.post_accounts.len(),"candidate":candidate})
+    );
     Ok(())
 }
 
Diff in /Users/thomas/Downloads/Upgrade Impact CI/engine/src/ci.rs:257:
     ))
 }
 
-fn semantic_snapshot(account: Option<&crate::types::AccountSnapshot>) -> crate::types::AccountSnapshot {
+fn semantic_snapshot(
+    account: Option<&crate::types::AccountSnapshot>,
+) -> crate::types::AccountSnapshot {
     account.cloned().unwrap_or(crate::types::AccountSnapshot {
         owner: "11111111111111111111111111111111".into(),
         lamports: 0,
Diff in /Users/thomas/Downloads/Upgrade Impact CI/engine/src/ci.rs:275:
 ) -> Result<crate::executor::ExecutionResult> {
     let mut accounts = BTreeMap::new();
     for (address, account) in &evidence.post_accounts {
-        let label = labels.get(address).context("watched account lacks semantic label")?;
-        anyhow::ensure!(accounts.insert(label.clone(), semantic_snapshot(account.as_ref())).is_none(),
-            "semantic labels are not unique");
+        let label = labels
+            .get(address)
+            .context("watched account lacks semantic label")?;
+        anyhow::ensure!(
+            accounts
+                .insert(label.clone(), semantic_snapshot(account.as_ref()))
+                .is_none(),
+            "semantic labels are not unique"
+        );
     }
     let mut cpi_calls = Vec::new();
     for group in &evidence.inner_instructions {
Diff in /Users/thomas/Downloads/Upgrade Impact CI/engine/src/ci.rs:284:
         for ix in &group.instructions {
             cpi_calls.push(crate::executor::CpiCall {
-                program: account_keys.get(usize::from(ix.program_id_index))
-                    .context("CPI program index outside message key space")?.clone(),
+                program: account_keys
+                    .get(usize::from(ix.program_id_index))
+                    .context("CPI program index outside message key space")?
+                    .clone(),
                 stack_height: ix.stack_height,
                 outer_index: u8::try_from(group.outer_index)?,
                 account_count: u8::try_from(ix.accounts.len())?,
Diff in /Users/thomas/Downloads/Upgrade Impact CI/engine/src/ci.rs:294:
         }
     }
     Ok(crate::executor::ExecutionResult {
-        version: "schema-2".into(), success: evidence.success,
-        error: evidence.error.clone(), compute_units: Some(evidence.compute_units),
-        fee: evidence.fee, logs: evidence.logs.clone(), cpi_calls, accounts,
+        version: "schema-2".into(),
+        success: evidence.success,
+        error: evidence.error.clone(),
+        compute_units: Some(evidence.compute_units),
+        fee: evidence.fee,
+        logs: evidence.logs.clone(),
+        cpi_calls,
+        accounts,
     })
 }
 
Diff in /Users/thomas/Downloads/Upgrade Impact CI/engine/src/ci.rs:329:
             .with_context(|| format!("candidate replay for {}", record.id))
             .map_err(CheckError::Configuration)?;
         let tx = &resolved.message.transaction;
-        let labels = resolved.message.account_keys.iter().enumerate()
-            .map(|(index, address)| (address.clone(), adapter
-                .map(|a| a.label(tx, index)).unwrap_or_else(|| format!("account-{index}"))))
+        let labels = resolved
+            .message
+            .account_keys
+            .iter()
+            .enumerate()
+            .map(|(index, address)| {
+                (
+                    address.clone(),
+                    adapter
+                        .map(|a| a.label(tx, index))
+                        .unwrap_or_else(|| format!("account-{index}")),
+                )
+            })
             .collect::<BTreeMap<_, _>>();
-        let pre = resolved.watched.iter().map(|address| crate::types::NamedAccount {
-            label: labels.get(address).cloned().unwrap_or_else(|| address.clone()),
-            address: address.clone(), account: semantic_snapshot(resolved.seeds.get(address)),
-        }).collect::<Vec<_>>();
+        let pre = resolved
+            .watched
+            .iter()
+            .map(|address| crate::types::NamedAccount {
+                label: labels
+                    .get(address)
+                    .cloned()
+                    .unwrap_or_else(|| address.clone()),
+                address: address.clone(),
+                account: semantic_snapshot(resolved.seeds.get(address)),
+            })
+            .collect::<Vec<_>>();
         let before = semantic_result(&baseline, &labels, &resolved.message.account_keys)
             .map_err(CheckError::Configuration)?;
         let after = semantic_result(&candidate_run, &labels, &resolved.message.account_keys)
Diff in /Users/thomas/Downloads/Upgrade Impact CI/engine/src/ci.rs:343:
             .map_err(CheckError::Configuration)?;
-        let subjects = adapter.map(|a| a.evaluable_subjects(tx, &pre)).unwrap_or_default();
-        let named = adapter.map(|a| a.named_findings(tx, &pre, &before, &after)).unwrap_or_default();
-        let entity = adapter.and_then(|a| a.economic_entity_id(tx, &pre)).map(|v| v.to_string());
-        coverage.push(ObservationCoverage { observation_id: record.id.clone(), subjects });
+        let subjects = adapter
+            .map(|a| a.evaluable_subjects(tx, &pre))
+            .unwrap_or_default();
+        let named = adapter
+            .map(|a| a.named_findings(tx, &pre, &before, &after))
+            .unwrap_or_default();
+        let entity = adapter
+            .and_then(|a| a.economic_entity_id(tx, &pre))
+            .map(|v| v.to_string());
+        coverage.push(ObservationCoverage {
+            observation_id: record.id.clone(),
+            subjects,
+        });
         for finding in &named {
-            observed.push(ObservedFinding { observation_id: record.id.clone(),
-                entity: entity.clone(), finding: finding.clone() });
+            observed.push(ObservedFinding {
+                observation_id: record.id.clone(),
+                entity: entity.clone(),
+                finding: finding.clone(),
+            });
         }
         // Every byte that the semantic vocabulary does not explain remains a
         // failing structural finding. This is deliberately conservative for
Diff in /Users/thomas/Downloads/Upgrade Impact CI/engine/src/ci.rs:354:
         // protocols whose adapter has no promoted subjects.
-        let outcome_named = named.iter().any(|f| f.fingerprint.domain == crate::semantics::FindingDomain::Execution);
+        let outcome_named = named
+            .iter()
+            .any(|f| f.fingerprint.domain == crate::semantics::FindingDomain::Execution);
         if (baseline.success, &baseline.error) != (candidate_run.success, &candidate_run.error)
-            && !outcome_named {
-            structural.entry("transaction outcome".into()).or_default().insert(record.id.clone());
+            && !outcome_named
+        {
+            structural
+                .entry("transaction outcome".into())
+                .or_default()
+                .insert(record.id.clone());
         }
-        if baseline.fee != candidate_run.fee { structural.entry("transaction fee".into()).or_default().insert(record.id.clone()); }
-        if baseline.logs != candidate_run.logs { structural.entry("execution logs".into()).or_default().insert(record.id.clone()); }
+        if baseline.fee != candidate_run.fee {
+            structural
+                .entry("transaction fee".into())
+                .or_default()
+                .insert(record.id.clone());
+        }
+        if baseline.logs != candidate_run.logs {
+            structural
+                .entry("execution logs".into())
+                .or_default()
+                .insert(record.id.clone());
+        }
         if baseline.inner_instructions != candidate_run.inner_instructions {
-            structural.entry("inner instructions".into()).or_default().insert(record.id.clone());
+            structural
+                .entry("inner instructions".into())
+                .or_default()
+                .insert(record.id.clone());
         }
         if baseline.return_data != candidate_run.return_data {
-            structural.entry("return data".into()).or_default().insert(record.id.clone());
+            structural
+                .entry("return data".into())
+                .or_default()
+                .insert(record.id.clone());
         }
-        let explained = named.iter().flat_map(|finding| adapter
-            .map(|a| a.decoded_sources_of(finding.fingerprint.subject.as_str()))
-            .unwrap_or(&[]).iter().copied()).collect::<BTreeSet<_>>();
+        let explained = named
+            .iter()
+            .flat_map(|finding| {
+                adapter
+                    .map(|a| a.decoded_sources_of(finding.fingerprint.subject.as_str()))
+                    .unwrap_or(&[])
+                    .iter()
+                    .copied()
+            })
+            .collect::<BTreeSet<_>>();
         for (address, prior) in &baseline.post_accounts {
-            let next = candidate_run.post_accounts.get(address)
+            let next = candidate_run
+                .post_accounts
+                .get(address)
                 .context("candidate omitted a watched account")
                 .map_err(CheckError::Configuration)?;
-            if prior == next { continue; }
+            if prior == next {
+                continue;
+            }
             let label = labels.get(address).map(String::as_str).unwrap_or(address);
             let change = match (prior, next) {
-                (Some(a), Some(b)) if a.owner == b.owner && a.lamports == b.lamports
-                    && a.executable == b.executable && a.rent_epoch == b.rent_epoch => {
+                (Some(a), Some(b))
+                    if a.owner == b.owner
+                        && a.lamports == b.lamports
+                        && a.executable == b.executable
+                        && a.rent_epoch == b.rent_epoch =>
+                {
                     let ranges = adapter.map(|a| a.decoded_byte_ranges(label)).unwrap_or(&[]);
                     let accounted = explained.iter().any(|(source, _)| *source == label);
-                    let unexplained = a.data.iter().zip(&b.data).enumerate()
-                        .find(|(offset, (x, y))| x != y && (!accounted
-                            || !ranges.iter().any(|r| r.contains(offset))))
+                    let unexplained = a
+                        .data
+                        .iter()
+                        .zip(&b.data)
+                        .enumerate()
+                        .find(|(offset, (x, y))| {
+                            x != y && (!accounted || !ranges.iter().any(|r| r.contains(offset)))
+                        })
                         .map(|(offset, _)| offset);
                     let first = if a.data.len() != b.data.len() {
                         Some(a.data.len().min(b.data.len()))
Diff in /Users/thomas/Downloads/Upgrade Impact CI/engine/src/ci.rs:388:
-                    } else { unexplained };
-                    let Some(first) = first else { continue; };
+                    } else {
+                        unexplained
+                    };
+                    let Some(first) = first else {
+                        continue;
+                    };
                     format!("{label} bytes at offset {first}")
                 }
                 _ => format!("{label} account state"),
Diff in /Users/thomas/Downloads/Upgrade Impact CI/engine/src/ci.rs:393:
             };
-            structural.entry(change).or_default().insert(record.id.clone());
+            structural
+                .entry(change)
+                .or_default()
+                .insert(record.id.clone());
         }
     }
-    observed.sort_by(|a, b| a.finding.fingerprint.cmp(&b.finding.fingerprint)
-        .then_with(|| a.observation_id.cmp(&b.observation_id)));
+    observed.sort_by(|a, b| {
+        a.finding
+            .fingerprint
+            .cmp(&b.finding.fingerprint)
+            .then_with(|| a.observation_id.cmp(&b.observation_id))
+    });
     coverage.sort_by(|a, b| a.observation_id.cmp(&b.observation_id));
     let mut reviewed = review(&observed, &coverage, &declarations);
-    let undeclarable = structural.into_iter().map(|(description, observations)| UndeclarableChange {
-        layer: EvidenceLayer::Structural, description, observations: observations.into_iter().collect(),
-    }).collect::<Vec<_>>();
+    let undeclarable = structural
+        .into_iter()
+        .map(|(description, observations)| UndeclarableChange {
+            layer: EvidenceLayer::Structural,
+            description,
+            observations: observations.into_iter().collect(),
+        })
+        .collect::<Vec<_>>();
     if coverage.iter().all(|entry| entry.subjects.is_empty()) {
         reviewed.failures.push(FailureReason::NoSemanticCoverage);
     }
Diff in /Users/thomas/Downloads/Upgrade Impact CI/engine/src/ci.rs:407:
-    if !undeclarable.is_empty() { reviewed.failures.push(FailureReason::UndeclarableChange); }
-    reviewed.failures.sort(); reviewed.failures.dedup();
+    if !undeclarable.is_empty() {
+        reviewed.failures.push(FailureReason::UndeclarableChange);
+    }
+    reviewed.failures.sort();
+    reviewed.failures.dedup();
     let mut per_subject: BTreeMap<String, usize> = BTreeMap::new();
     for entry in &coverage {
-        for subject in entry.subjects.iter().map(ToString::to_string).collect::<BTreeSet<_>>() {
+        for subject in entry
+            .subjects
+            .iter()
+            .map(ToString::to_string)
+            .collect::<BTreeSet<_>>()
+        {
             *per_subject.entry(subject).or_default() += 1;
         }
     }
Diff in /Users/thomas/Downloads/Upgrade Impact CI/engine/src/ci.rs:415:
-    let summary = ReviewSummary { passed: reviewed.passed(),
-        failure_reasons: reviewed.failures.clone(), exit_code: reviewed.exit_code(),
+    let summary = ReviewSummary {
+        passed: reviewed.passed(),
+        failure_reasons: reviewed.failures.clone(),
+        exit_code: reviewed.exit_code(),
         expected: reviewed.count(ReviewStatus::Expected),
         unexpected: reviewed.count(ReviewStatus::Unexpected),
         expected_but_exceeded: reviewed.count(ReviewStatus::ExpectedButExceeded),
Diff in /Users/thomas/Downloads/Upgrade Impact CI/engine/src/ci.rs:420:
         stale: reviewed.count(ReviewStatus::Stale),
-        unevaluable: reviewed.count(ReviewStatus::Unevaluable) };
-    Ok(CiReport { schema_version: 2,
-        bundle: BundleRef { sha256: bundle.manifest.bundle_sha256.clone(),
+        unevaluable: reviewed.count(ReviewStatus::Unevaluable),
+    };
+    Ok(CiReport {
+        schema_version: 2,
+        bundle: BundleRef {
+            sha256: bundle.manifest.bundle_sha256.clone(),
             baseline_sha256: bundle.manifest.baseline_program_sha256.clone(),
             corpus_sha256: bundle.manifest.corpus_sha256.clone(),
             record_count: bundle.manifest.record_count,
Diff in /Users/thomas/Downloads/Upgrade Impact CI/engine/src/ci.rs:427:
-            program_id: bundle.manifest.program_id.clone(), adapter: bundle.adapter.name.clone(),
+            program_id: bundle.manifest.program_id.clone(),
+            adapter: bundle.adapter.name.clone(),
             adapter_version: bundle.adapter.version,
             semantic_schema_version: bundle.manifest.semantic_schema_version,
             source_slot_range: bundle.manifest.source_slot_range,
Diff in /Users/thomas/Downloads/Upgrade Impact CI/engine/src/ci.rs:431:
-            limitations: bundle.adapter.limitations.clone() },
-        candidate: CandidateRef { sha256: candidate_sha256, len: candidate_bytes.len() as u64 },
-        coverage: per_subject.into_iter().map(|(subject, observations)| SubjectCoverage { subject, observations }).collect(),
-        undeclarable, findings: reviewed.findings, unmatched: reviewed.unmatched,
-        failures: reviewed.failures, summary })
+            limitations: bundle.adapter.limitations.clone(),
+        },
+        candidate: CandidateRef {
+            sha256: candidate_sha256,
+            len: candidate_bytes.len() as u64,
+        },
+        coverage: per_subject
+            .into_iter()
+            .map(|(subject, observations)| SubjectCoverage {
+                subject,
+                observations,
+            })
+            .collect(),
+        undeclarable,
+        findings: reviewed.findings,
+        unmatched: reviewed.unmatched,
+        failures: reviewed.failures,
+        summary,
+    })
 }
 
 /// Changes the engine detected that no expectation can name.
Diff in /Users/thomas/Downloads/Upgrade Impact CI/engine/src/corpus_store.rs:131:
         let path = self.record_path(&record.id);
         if path.exists() {
             let existing = std::fs::read(&path)?;
-            anyhow::ensure!(existing == bytes, "observation ID already exists with different content");
+            anyhow::ensure!(
+                existing == bytes,
+                "observation ID already exists with different content"
+            );
             return Ok(Insert::AlreadyPresent);
         }
         std::fs::write(path, bytes)?;
Diff in /Users/thomas/Downloads/Upgrade Impact CI/engine/src/corpus_store.rs:142:
         let mut records = BTreeMap::new();
         for entry in std::fs::read_dir(self.root.join("records"))? {
             let path = entry?.path();
-            if path.extension().and_then(|s| s.to_str()) != Some("json") { continue; }
+            if path.extension().and_then(|s| s.to_str()) != Some("json") {
+                continue;
+            }
             let record: ReplayObservationV2 = serde_json::from_slice(&std::fs::read(&path)?)
                 .with_context(|| format!("parsing {}", path.display()))?;
             record.validate_identity()?;
Diff in /Users/thomas/Downloads/Upgrade Impact CI/engine/src/corpus_store.rs:149:
-            anyhow::ensure!(path.file_stem().and_then(|s| s.to_str()) == Some(record.id.as_str()),
-                "record file does not match schema-2 observation ID");
-            anyhow::ensure!(records.insert(record.id.clone(), record).is_none(), "duplicate schema-2 record ID");
+            anyhow::ensure!(
+                path.file_stem().and_then(|s| s.to_str()) == Some(record.id.as_str()),
+                "record file does not match schema-2 observation ID"
+            );
+            anyhow::ensure!(
+                records.insert(record.id.clone(), record).is_none(),
+                "duplicate schema-2 record ID"
+            );
         }
         Ok(records.into_values().collect())
     }
Diff in /Users/thomas/Downloads/Upgrade Impact CI/engine/src/corpus_store.rs:160:
         let mut previous = None;
         for record in records {
             record.validate_identity()?;
-            anyhow::ensure!(record.program_id == first.program_id
-                && record.genesis_hash == first.genesis_hash && record.protocol == first.protocol,
-                "schema-2 corpus mixes program, genesis or protocol");
-            if let Some(previous) = previous { anyhow::ensure!(previous < record.id.as_str(), "schema-2 corpus IDs not unique and sorted"); }
+            anyhow::ensure!(
+                record.program_id == first.program_id
+                    && record.genesis_hash == first.genesis_hash
+                    && record.protocol == first.protocol,
+                "schema-2 corpus mixes program, genesis or protocol"
+            );
+            if let Some(previous) = previous {
+                anyhow::ensure!(
+                    previous < record.id.as_str(),
+                    "schema-2 corpus IDs not unique and sorted"
+                );
+            }
             previous = Some(record.id.as_str());
             digest.extend_from_slice(hash_bytes(&serde_json::to_vec(record)?).as_bytes());
         }
Diff in /Users/thomas/Downloads/Upgrade Impact CI/engine/src/corpus_store.rs:170:
-        Ok(CorpusManifest { schema_version: 2, program_id: first.program_id.clone(),
-            protocol: Some(first.protocol.clone()), adapter_version: crate::protocol::adapter_for(&first.program_id)
-                .map(|adapter| adapter.adapter_version()), genesis_hash: first.genesis_hash.clone(),
-            record_count: records.len(), record_ids: records.iter().map(|r| r.id.clone()).collect(),
-            canonical_hash: hash_bytes(&digest) })
+        Ok(CorpusManifest {
+            schema_version: 2,
+            program_id: first.program_id.clone(),
+            protocol: Some(first.protocol.clone()),
+            adapter_version: crate::protocol::adapter_for(&first.program_id)
+                .map(|adapter| adapter.adapter_version()),
+            genesis_hash: first.genesis_hash.clone(),
+            record_count: records.len(),
+            record_ids: records.iter().map(|r| r.id.clone()).collect(),
+            canonical_hash: hash_bytes(&digest),
+        })
     }
 
     pub fn publish_v2(&self) -> Result<CorpusManifest> {
Diff in /Users/thomas/Downloads/Upgrade Impact CI/engine/src/replay.rs:6:
     protocol::{self, EconomicObservation, ProtocolAdapter},
     screening::SlotScreening,
     types::{AccountSnapshot, Category, Fixture, InstructionSpec, NamedAccount},
+    universal::{
+        evidence::EvidenceStore,
+        execution::{ExecutionBackend, ExecutionRequest, LiteSvmBackend, SlotHashesVariant},
+        model::ExecutionInput,
+    },
     versions::{ProgramLoader, LEGACY_BPF_LOADER_ID, UPGRADEABLE_LOADER_ID},
     Report,
-    universal::{evidence::EvidenceStore, execution::{ExecutionBackend, ExecutionRequest, LiteSvmBackend, SlotHashesVariant}, model::ExecutionInput},
 };
 use std::fmt;
 
Diff in /Users/thomas/Downloads/Upgrade Impact CI/engine/src/replay.rs:1005:
         let fixture = self.fixture();
         let input = if self.transaction.version == "v0" {
             ExecutionInput::LegacyV1Compatibility {
-                message: self.message()?, transaction: self.transaction.clone(),
+                message: self.message()?,
+                transaction: self.transaction.clone(),
             }
         } else {
             ExecutionInput::Legacy {
Diff in /Users/thomas/Downloads/Upgrade Impact CI/engine/src/replay.rs:1012:
-                message: self.message()?, transaction: self.transaction.clone(),
+                message: self.message()?,
+                transaction: self.transaction.clone(),
             }
         };
         let resolved = input.resolve(&EvidenceStore::at(""), &self.genesis_hash)?;
Diff in /Users/thomas/Downloads/Upgrade Impact CI/engine/src/replay.rs:1016:
-        let seeds = fixture.accounts.iter().map(|a| (a.address.clone(), a.account.clone()))
+        let seeds = fixture
+            .accounts
+            .iter()
+            .map(|a| (a.address.clone(), a.account.clone()))
             .collect::<BTreeMap<_, _>>();
         let mut watched = BTreeSet::new();
         for label in &fixture.watch {
Diff in /Users/thomas/Downloads/Upgrade Impact CI/engine/src/replay.rs:1020:
-            let named = fixture.account(label)
-                .with_context(|| format!("fixture {} watches unknown account {label:?}", fixture.id))?;
+            let named = fixture.account(label).with_context(|| {
+                format!("fixture {} watches unknown account {label:?}", fixture.id)
+            })?;
             watched.insert(named.address.clone());
         }
         let watched: Vec<String> = watched.into_iter().collect();
Diff in /Users/thomas/Downloads/Upgrade Impact CI/engine/src/replay.rs:1025:
-        let mut programs = dependencies.programs().iter()
+        let mut programs = dependencies
+            .programs()
+            .iter()
             .filter(|p| p.program_id.to_string() != self.program_id)
-            .cloned().collect::<Vec<_>>();
+            .cloned()
+            .collect::<Vec<_>>();
         programs.push(LoadedProgram {
             program_id: self.program_id.parse()?,
             loader: UPGRADEABLE_LOADER_ID.parse()?,
Diff in /Users/thomas/Downloads/Upgrade Impact CI/engine/src/replay.rs:1046:
         })?;
         let mut accounts = BTreeMap::new();
         for label in &fixture.watch {
-            let address = &fixture.account(label).expect("watch validated above").address;
+            let address = &fixture
+                .account(label)
+                .expect("watch validated above")
+                .address;
             if let Some(Some(snapshot)) = evidence.post_accounts.get(address) {
                 accounts.insert(label.clone(), snapshot.clone());
             }
Diff in /Users/thomas/Downloads/Upgrade Impact CI/engine/src/replay.rs:1053:
         }
-        let cpi_calls = evidence.inner_instructions.iter().flat_map(|group| group.instructions.iter().map(|inner| {
-            let index = usize::from(inner.program_id_index);
-            CpiCall {
-                program: resolved.account_keys.get(index).cloned().unwrap_or_else(|| format!("<unresolved index {index}>")),
-                stack_height: inner.stack_height,
-                outer_index: u8::try_from(group.outer_index).unwrap_or(u8::MAX),
-                account_count: u8::try_from(inner.accounts.len()).unwrap_or(u8::MAX),
-                data_len: u32::try_from(inner.data.len()).unwrap_or(u32::MAX),
-                discriminant: inner.data.first().copied(),
-            }
-        })).collect();
+        let cpi_calls = evidence
+            .inner_instructions
+            .iter()
+            .flat_map(|group| {
+                group.instructions.iter().map(|inner| {
+                    let index = usize::from(inner.program_id_index);
+                    CpiCall {
+                        program: resolved
+                            .account_keys
+                            .get(index)
+                            .cloned()
+                            .unwrap_or_else(|| format!("<unresolved index {index}>")),
+                        stack_height: inner.stack_height,
+                        outer_index: u8::try_from(group.outer_index).unwrap_or(u8::MAX),
+                        account_count: u8::try_from(inner.accounts.len()).unwrap_or(u8::MAX),
+                        data_len: u32::try_from(inner.data.len()).unwrap_or(u32::MAX),
+                        discriminant: inner.data.first().copied(),
+                    }
+                })
+            })
+            .collect();
         Ok(ExecutionResult {
-            version: program.label.clone(), success: evidence.success, error: evidence.error,
-            compute_units: Some(evidence.compute_units), fee: evidence.fee, logs: evidence.logs,
-            cpi_calls, accounts,
+            version: program.label.clone(),
+            success: evidence.success,
+            error: evidence.error,
+            compute_units: Some(evidence.compute_units),
+            fee: evidence.fee,
+            logs: evidence.logs,
+            cpi_calls,
+            accounts,
         })
     }
     pub fn post_hash(&self, result: &ExecutionResult) -> Result<String> {
Diff in /Users/thomas/Downloads/Upgrade Impact CI/engine/src/universal/bundle.rs:1:
 //! Schema-2 bundles share the ordinary bundle command and hash every CAS byte.
-use std::{collections::BTreeMap, fs, path::{Path, PathBuf}};
+use std::{
+    collections::BTreeMap,
+    fs,
+    path::{Path, PathBuf},
+};
 
 use anyhow::{ensure, Context, Result};
 use serde::{Deserialize, Serialize};
Diff in /Users/thomas/Downloads/Upgrade Impact CI/engine/src/universal/bundle.rs:6:
 
-use crate::{bundle::{ActionCoverage, AdapterMetadata, BundledLimitation, SlotRange},
-    corpus_store::{CorpusManifest, CorpusStore}, replay::hash_bytes,
-    semantics::SEMANTIC_SCHEMA_VERSION};
 use super::{evidence::EvidenceStore, model::ReplayObservationV2, resolver::ResolvedReplayInput};
+use crate::{
+    bundle::{ActionCoverage, AdapterMetadata, BundledLimitation, SlotRange},
+    corpus_store::{CorpusManifest, CorpusStore},
+    replay::hash_bytes,
+    semantics::SEMANTIC_SCHEMA_VERSION,
+};
 
 #[derive(Clone, Debug, PartialEq, Eq, Serialize, Deserialize)]
 pub struct EvidenceObjectEntry {
Diff in /Users/thomas/Downloads/Upgrade Impact CI/engine/src/universal/bundle.rs:38:
 
 impl BundleManifestV2 {
     fn digest(&self) -> Result<String> {
-        let mut copy = self.clone(); copy.bundle_sha256.clear();
+        let mut copy = self.clone();
+        copy.bundle_sha256.clear();
         Ok(hash_bytes(&serde_json::to_vec(&copy)?))
     }
 }
Diff in /Users/thomas/Downloads/Upgrade Impact CI/engine/src/universal/bundle.rs:50:
             let entry = entry?;
             let ty = entry.file_type()?;
             ensure!(!ty.is_symlink(), "bundle evidence cannot contain symlinks");
-            if ty.is_dir() { visit(&entry.path(), out)?; }
-            else if ty.is_file() { out.push(entry.path()); }
-            else { anyhow::bail!("bundle evidence contains unsupported file type"); }
+            if ty.is_dir() {
+                visit(&entry.path(), out)?;
+            } else if ty.is_file() {
+                out.push(entry.path());
+            } else {
+                anyhow::bail!("bundle evidence contains unsupported file type");
+            }
         }
         Ok(())
     }
Diff in /Users/thomas/Downloads/Upgrade Impact CI/engine/src/universal/bundle.rs:62:
 }
 
 fn inventory(root: &Path) -> Result<Vec<EvidenceObjectEntry>> {
-    files(root)?.iter().map(|path| {
-        let relative = path.strip_prefix(root)?.to_string_lossy().replace('\\', "/");
-        let bytes = fs::read(path)?;
-        let sha = hash_bytes(&bytes);
-        ensure!(path.file_name().and_then(|s| s.to_str()) == Some(sha.as_str()),
-            "CAS filename differs from object bytes");
-        Ok(EvidenceObjectEntry { path: relative, sha256: sha, len: bytes.len() as u64 })
-    }).collect()
+    files(root)?
+        .iter()
+        .map(|path| {
+            let relative = path
+                .strip_prefix(root)?
+                .to_string_lossy()
+                .replace('\\', "/");
+            let bytes = fs::read(path)?;
+            let sha = hash_bytes(&bytes);
+            ensure!(
+                path.file_name().and_then(|s| s.to_str()) == Some(sha.as_str()),
+                "CAS filename differs from object bytes"
+            );
+            Ok(EvidenceObjectEntry {
+                path: relative,
+                sha256: sha,
+                len: bytes.len() as u64,
+            })
+        })
+        .collect()
 }
 
 fn file_inventory(root: &Path) -> Result<Vec<EvidenceObjectEntry>> {
Diff in /Users/thomas/Downloads/Upgrade Impact CI/engine/src/universal/bundle.rs:76:
-    files(root)?.iter().map(|path| {
-        let relative = path.strip_prefix(root)?.to_string_lossy().replace('\\', "/");
-        let bytes = fs::read(path)?;
-        Ok(EvidenceObjectEntry { path: relative,
-            sha256: hash_bytes(&bytes), len: bytes.len() as u64 })
-    }).collect()
+    files(root)?
+        .iter()
+        .map(|path| {
+            let relative = path
+                .strip_prefix(root)?
+                .to_string_lossy()
+                .replace('\\', "/");
+            let bytes = fs::read(path)?;
+            Ok(EvidenceObjectEntry {
+                path: relative,
+                sha256: hash_bytes(&bytes),
+                len: bytes.len() as u64,
+            })
+        })
+        .collect()
 }
 
 pub struct UniversalBundle {
Diff in /Users/thomas/Downloads/Upgrade Impact CI/engine/src/universal/bundle.rs:90:
 }
 
 impl UniversalBundle {
-    pub fn root(&self) -> &Path { &self.root }
-    pub fn baseline_path(&self) -> PathBuf { self.root.join("binaries/current.so") }
-    pub fn evidence_store(&self) -> EvidenceStore { EvidenceStore::at(self.root.join("evidence")) }
+    pub fn root(&self) -> &Path {
+        &self.root
+    }
+    pub fn baseline_path(&self) -> PathBuf {
+        self.root.join("binaries/current.so")
+    }
+    pub fn evidence_store(&self) -> EvidenceStore {
+        EvidenceStore::at(self.root.join("evidence"))
+    }
 
     pub fn open(root: impl Into<PathBuf>) -> Result<Self> {
         let root = root.into();
Diff in /Users/thomas/Downloads/Upgrade Impact CI/engine/src/universal/bundle.rs:99:
-        let manifest: BundleManifestV2 = serde_json::from_slice(&fs::read(root.join("bundle.json"))?)?;
-        ensure!(manifest.schema_version == 2 && manifest.digest()? == manifest.bundle_sha256,
-            "schema-2 bundle manifest identity differs");
+        let manifest: BundleManifestV2 =
+            serde_json::from_slice(&fs::read(root.join("bundle.json"))?)?;
+        ensure!(
+            manifest.schema_version == 2 && manifest.digest()? == manifest.bundle_sha256,
+            "schema-2 bundle manifest identity differs"
+        );
         let baseline = fs::read(root.join("binaries/current.so"))?;
-        ensure!(hash_bytes(&baseline) == manifest.baseline_program_sha256
-            && baseline.len() as u64 == manifest.baseline_program_len,
-            "schema-2 baseline binary differs");
+        ensure!(
+            hash_bytes(&baseline) == manifest.baseline_program_sha256
+                && baseline.len() as u64 == manifest.baseline_program_len,
+            "schema-2 baseline binary differs"
+        );
         let adapter_bytes = fs::read(root.join("adapters/metadata.json"))?;
-        ensure!(hash_bytes(&adapter_bytes) == manifest.adapter_metadata_sha256,
-            "schema-2 adapter metadata differs");
+        ensure!(
+            hash_bytes(&adapter_bytes) == manifest.adapter_metadata_sha256,
+            "schema-2 adapter metadata differs"
+        );
         let adapter: AdapterMetadata = serde_json::from_slice(&adapter_bytes)?;
-        ensure!(inventory(&root.join("evidence"))? == manifest.evidence_objects,
-            "schema-2 evidence inventory differs");
-        ensure!(file_inventory(&root.join("corpus"))? == manifest.corpus_files,
-            "schema-2 corpus file bytes differ");
+        ensure!(
+            inventory(&root.join("evidence"))? == manifest.evidence_objects,
+            "schema-2 evidence inventory differs"
+        );
+        ensure!(
+            file_inventory(&root.join("corpus"))? == manifest.corpus_files,
+            "schema-2 corpus file bytes differ"
+        );
         let store = CorpusStore::open(root.join("corpus"))?;
         let records = store.load_v2()?;
         let corpus = store.describe_v2(&records)?;
Diff in /Users/thomas/Downloads/Upgrade Impact CI/engine/src/universal/bundle.rs:117:
-        ensure!(corpus.canonical_hash == manifest.corpus_sha256
-            && corpus.record_ids == manifest.record_ids
-            && corpus.record_count == manifest.record_count
-            && corpus.program_id == manifest.program_id
-            && corpus.genesis_hash == manifest.genesis_hash
-            && corpus.protocol.as_deref() == Some(manifest.protocol.as_str()),
-            "schema-2 corpus differs from bundle manifest");
-        let recorded_manifest: CorpusManifest = serde_json::from_slice(&fs::read(store.manifest_path())?)?;
-        ensure!(recorded_manifest == corpus, "schema-2 corpus manifest differs");
+        ensure!(
+            corpus.canonical_hash == manifest.corpus_sha256
+                && corpus.record_ids == manifest.record_ids
+                && corpus.record_count == manifest.record_count
+                && corpus.program_id == manifest.program_id
+                && corpus.genesis_hash == manifest.genesis_hash
+                && corpus.protocol.as_deref() == Some(manifest.protocol.as_str()),
+            "schema-2 corpus differs from bundle manifest"
+        );
+        let recorded_manifest: CorpusManifest =
+            serde_json::from_slice(&fs::read(store.manifest_path())?)?;
+        ensure!(
+            recorded_manifest == corpus,
+            "schema-2 corpus manifest differs"
+        );
         let recorded_index: Vec<String> = serde_json::from_slice(&fs::read(store.corpus_path())?)?;
-        ensure!(recorded_index == corpus.record_ids, "schema-2 corpus index differs");
-        ensure!(manifest.semantic_schema_version == SEMANTIC_SCHEMA_VERSION,
-            "semantic schema differs from engine");
-        let actual_slots = SlotRange { first: records.iter().map(|r| r.slot).min().unwrap_or_default(),
-            last: records.iter().map(|r| r.slot).max().unwrap_or_default() };
-        ensure!(actual_slots == manifest.source_slot_range, "source slot range differs");
+        ensure!(
+            recorded_index == corpus.record_ids,
+            "schema-2 corpus index differs"
+        );
+        ensure!(
+            manifest.semantic_schema_version == SEMANTIC_SCHEMA_VERSION,
+            "semantic schema differs from engine"
+        );
+        let actual_slots = SlotRange {
+            first: records.iter().map(|r| r.slot).min().unwrap_or_default(),
+            last: records.iter().map(|r| r.slot).max().unwrap_or_default(),
+        };
+        ensure!(
+            actual_slots == manifest.source_slot_range,
+            "source slot range differs"
+        );
         let expected_adapter = crate::protocol::adapter_for(&manifest.program_id);
-        ensure!(adapter.name == expected_adapter.map(|a| a.name()).unwrap_or("none")
-            && adapter.version == expected_adapter.map(|a| a.adapter_version()).unwrap_or(0),
-            "adapter metadata differs from engine");
+        ensure!(
+            adapter.name == expected_adapter.map(|a| a.name()).unwrap_or("none")
+                && adapter.version == expected_adapter.map(|a| a.adapter_version()).unwrap_or(0),
+            "adapter metadata differs from engine"
+        );
         let evidence = EvidenceStore::at(root.join("evidence"));
-        let resolved = records.iter().map(|record| record.resolve(&evidence))
+        let resolved = records
+            .iter()
+            .map(|record| record.resolve(&evidence))
             .collect::<Result<Vec<_>>>()?;
         for input in &resolved {
-            ensure!(input.baseline_elf == baseline,
-                "observation target binary differs from bundled baseline");
+            ensure!(
+                input.baseline_elf == baseline,
+                "observation target binary differs from bundled baseline"
+            );
         }
-        Ok(Self { root, manifest, adapter, records, resolved })
+        Ok(Self {
+            root,
+            manifest,
+            adapter,
+            records,
+            resolved,
+        })
     }
 }
 
Diff in /Users/thomas/Downloads/Upgrade Impact CI/engine/src/universal/bundle.rs:148:
 pub fn build(corpus_dir: &Path, baseline: &Path, out: &Path) -> Result<UniversalBundle> {
-    ensure!(!out.exists() || fs::read_dir(out)?.next().is_none(),
-        "bundle output must be empty");
+    ensure!(
+        !out.exists() || fs::read_dir(out)?.next().is_none(),
+        "bundle output must be empty"
+    );
     let store = CorpusStore::open(corpus_dir)?;
     let records = store.load_v2()?;
     let corpus = store.describe_v2(&records)?;
Diff in /Users/thomas/Downloads/Upgrade Impact CI/engine/src/universal/bundle.rs:154:
     let recorded: CorpusManifest = serde_json::from_slice(&fs::read(store.manifest_path())?)?;
-    ensure!(recorded == corpus, "corpus must be published before bundle build");
+    ensure!(
+        recorded == corpus,
+        "corpus must be published before bundle build"
+    );
     let baseline_bytes = fs::read(baseline)?;
     let evidence = EvidenceStore::at(corpus_dir.join("evidence"));
     for record in &records {
Diff in /Users/thomas/Downloads/Upgrade Impact CI/engine/src/universal/bundle.rs:159:
         let resolved = record.resolve(&evidence)?;
-        ensure!(resolved.baseline_elf == baseline_bytes,
-            "record target binary differs from requested baseline");
+        ensure!(
+            resolved.baseline_elf == baseline_bytes,
+            "record target binary differs from requested baseline"
+        );
         super::pipeline::baseline(record, &resolved)?;
     }
     fs::create_dir_all(out.join("corpus/records"))?;
Diff in /Users/thomas/Downloads/Upgrade Impact CI/engine/src/universal/bundle.rs:166:
     fs::create_dir_all(out.join("adapters"))?;
     fs::create_dir_all(out.join("evidence"))?;
     for record in &records {
-        fs::copy(store.record_path(&record.id), out.join("corpus/records").join(format!("{}.json", record.id)))?;
+        fs::copy(
+            store.record_path(&record.id),
+            out.join("corpus/records")
+                .join(format!("{}.json", record.id)),
+        )?;
     }
     fs::copy(store.manifest_path(), out.join("corpus/manifest.json"))?;
     fs::copy(store.corpus_path(), out.join("corpus/corpus.json"))?;
Diff in /Users/thomas/Downloads/Upgrade Impact CI/engine/src/universal/bundle.rs:173:
     for path in files(&evidence.root().to_path_buf())? {
         let relative = path.strip_prefix(evidence.root())?;
         let destination = out.join("evidence").join(relative);
-        fs::create_dir_all(destination.parent().expect("evidence destination has parent"))?;
+        fs::create_dir_all(
+            destination
+                .parent()
+                .expect("evidence destination has parent"),
+        )?;
         fs::copy(path, destination)?;
     }
     fs::write(out.join("binaries/current.so"), &baseline_bytes)?;
Diff in /Users/thomas/Downloads/Upgrade Impact CI/engine/src/universal/bundle.rs:181:
     let mut actions = BTreeMap::new();
     for record in &records {
         let resolved = record.execution.resolve(&evidence, &record.genesis_hash)?;
-        let action = handle.map(|a| a.semantic_action(&resolved.transaction).as_str().to_string())
+        let action = handle
+            .map(|a| {
+                a.semantic_action(&resolved.transaction)
+                    .as_str()
+                    .to_string()
+            })
             .unwrap_or_else(|| "unknown".into());
         *actions.entry(action).or_insert(0usize) += 1;
     }
Diff in /Users/thomas/Downloads/Upgrade Impact CI/engine/src/universal/bundle.rs:193:
             detail: "This corpus covers only its recorded production interactions; no representativeness is claimed.".into() }] };
     let adapter_bytes = serde_json::to_vec_pretty(&adapter)?;
     fs::write(out.join("adapters/metadata.json"), &adapter_bytes)?;
-    let mut manifest = BundleManifestV2 { schema_version: 2, program_id: corpus.program_id,
-        protocol: corpus.protocol.context("schema-2 protocol missing")?, genesis_hash: corpus.genesis_hash,
-        baseline_program_sha256: hash_bytes(&baseline_bytes), baseline_program_len: baseline_bytes.len() as u64,
-        corpus_sha256: corpus.canonical_hash, record_count: records.len(),
+    let mut manifest = BundleManifestV2 {
+        schema_version: 2,
+        program_id: corpus.program_id,
+        protocol: corpus.protocol.context("schema-2 protocol missing")?,
+        genesis_hash: corpus.genesis_hash,
+        baseline_program_sha256: hash_bytes(&baseline_bytes),
+        baseline_program_len: baseline_bytes.len() as u64,
+        corpus_sha256: corpus.canonical_hash,
+        record_count: records.len(),
         record_ids: records.iter().map(|r| r.id.clone()).collect(),
-        source_slot_range: SlotRange { first: records.iter().map(|r| r.slot).min().unwrap_or_default(),
-            last: records.iter().map(|r| r.slot).max().unwrap_or_default() },
-        adapter_metadata_sha256: hash_bytes(&adapter_bytes), semantic_schema_version: SEMANTIC_SCHEMA_VERSION,
+        source_slot_range: SlotRange {
+            first: records.iter().map(|r| r.slot).min().unwrap_or_default(),
+            last: records.iter().map(|r| r.slot).max().unwrap_or_default(),
+        },
+        adapter_metadata_sha256: hash_bytes(&adapter_bytes),
+        semantic_schema_version: SEMANTIC_SCHEMA_VERSION,
         evidence_objects: inventory(&out.join("evidence"))?,
         corpus_files: file_inventory(&out.join("corpus"))?,
-        bundle_sha256: String::new() };
+        bundle_sha256: String::new(),
+    };
     manifest.bundle_sha256 = manifest.digest()?;
-    fs::write(out.join("bundle.json"), serde_json::to_vec_pretty(&manifest)?)?;
+    fs::write(
+        out.join("bundle.json"),
+        serde_json::to_vec_pretty(&manifest)?,
+    )?;
     UniversalBundle::open(out)
 }
 
Diff in /Users/thomas/Downloads/Upgrade Impact CI/engine/src/universal/bundle.rs:224:
         fs::write(&path, original).unwrap();
         let pinned = inventory(&root).unwrap();
         fs::write(&path, b"changed binary").unwrap();
-        assert!(inventory(&root).is_err(),
-            "shared evidence object mutation was not rejected by bundle hashing");
+        assert!(
+            inventory(&root).is_err(),
+            "shared evidence object mutation was not rejected by bundle hashing"
+        );
         fs::remove_dir_all(&root).unwrap();
         assert_eq!(pinned[0].sha256, hash);
     }
Diff in /Users/thomas/Downloads/Upgrade Impact CI/engine/src/universal/evidence.rs:1:
 //! Bundle-local content-addressed evidence with temporal observations.
-use std::{fs, path::{Path, PathBuf}};
+use std::{
+    fs,
+    path::{Path, PathBuf},
+};
 
 use anyhow::{ensure, Context, Result};
 use base64::{prelude::BASE64_STANDARD, Engine};
Diff in /Users/thomas/Downloads/Upgrade Impact CI/engine/src/universal/evidence.rs:6:
 use serde::{Deserialize, Serialize};
 use serde_json::Value;
 
-use crate::{ingest::accounts, message::ArchiveProvenance, replay::hash_bytes, types::AccountSnapshot};
+use crate::{
+    ingest::accounts, message::ArchiveProvenance, replay::hash_bytes, types::AccountSnapshot,
+};
 
 #[derive(Clone, Copy, Debug, PartialEq, Eq, Serialize, Deserialize)]
 #[serde(rename_all = "snake_case")]
Diff in /Users/thomas/Downloads/Upgrade Impact CI/engine/src/universal/evidence.rs:46:
 
 impl EvidenceRef {
     fn validate(&self) -> Result<()> {
-        ensure!(self.sha256.len() == 64 && self.sha256.bytes().all(|b| b.is_ascii_hexdigit()), "invalid evidence hash");
+        ensure!(
+            self.sha256.len() == 64 && self.sha256.bytes().all(|b| b.is_ascii_hexdigit()),
+            "invalid evidence hash"
+        );
         Ok(())
     }
 }
Diff in /Users/thomas/Downloads/Upgrade Impact CI/engine/src/universal/evidence.rs:56:
 }
 
 impl EvidenceStore {
-    pub fn at(root: impl Into<PathBuf>) -> Self { Self { root: root.into() } }
-    pub fn root(&self) -> &Path { &self.root }
+    pub fn at(root: impl Into<PathBuf>) -> Self {
+        Self { root: root.into() }
+    }
+    pub fn root(&self) -> &Path {
+        &self.root
+    }
 
     pub fn path(&self, reference: &EvidenceRef) -> Result<PathBuf> {
         reference.validate()?;
Diff in /Users/thomas/Downloads/Upgrade Impact CI/engine/src/universal/evidence.rs:64:
-        Ok(self.root.join(reference.kind.directory()).join(&reference.sha256))
+        Ok(self
+            .root
+            .join(reference.kind.directory())
+            .join(&reference.sha256))
     }
 
     pub fn put(&self, kind: EvidenceKind, bytes: &[u8]) -> Result<EvidenceRef> {
Diff in /Users/thomas/Downloads/Upgrade Impact CI/engine/src/universal/evidence.rs:68:
-        let reference = EvidenceRef { kind, sha256: hash_bytes(bytes) };
+        let reference = EvidenceRef {
+            kind,
+            sha256: hash_bytes(bytes),
+        };
         let path = self.path(&reference)?;
         fs::create_dir_all(path.parent().expect("evidence category directory"))?;
-        match fs::OpenOptions::new().write(true).create_new(true).open(&path) {
+        match fs::OpenOptions::new()
+            .write(true)
+            .create_new(true)
+            .open(&path)
+        {
             Ok(mut file) => {
                 use std::io::Write;
                 file.write_all(bytes)?;
Diff in /Users/thomas/Downloads/Upgrade Impact CI/engine/src/universal/evidence.rs:75:
                 file.sync_all()?;
             }
             Err(error) if error.kind() == std::io::ErrorKind::AlreadyExists => {
-                ensure!(self.get(&reference)? == bytes, "existing evidence object differs from content hash");
+                ensure!(
+                    self.get(&reference)? == bytes,
+                    "existing evidence object differs from content hash"
+                );
             }
             Err(error) => return Err(error.into()),
         }
Diff in /Users/thomas/Downloads/Upgrade Impact CI/engine/src/universal/evidence.rs:84:
 
     pub fn get(&self, reference: &EvidenceRef) -> Result<Vec<u8>> {
         let path = self.path(reference)?;
-        let bytes = fs::read(&path).with_context(|| format!("missing evidence object {}", path.display()))?;
-        ensure!(hash_bytes(&bytes) == reference.sha256, "evidence object hash differs: {}", path.display());
+        let bytes = fs::read(&path)
+            .with_context(|| format!("missing evidence object {}", path.display()))?;
+        ensure!(
+            hash_bytes(&bytes) == reference.sha256,
+            "evidence object hash differs: {}",
+            path.display()
+        );
         Ok(bytes)
     }
 }
Diff in /Users/thomas/Downloads/Upgrade Impact CI/engine/src/universal/evidence.rs:94:
 /// identical account content may be shared by observations at different slots.
 #[derive(Clone, Copy, Debug, PartialEq, Eq, Serialize, Deserialize)]
 #[serde(rename_all = "snake_case")]
-pub enum AccountBoundary { BeforeTransaction, EndOfExecutionSlot }
+pub enum AccountBoundary {
+    BeforeTransaction,
+    EndOfExecutionSlot,
+}
 
 impl AccountBoundary {
     fn requested_slot(self, transaction_slot: u64) -> Result<u64> {
Diff in /Users/thomas/Downloads/Upgrade Impact CI/engine/src/universal/evidence.rs:101:
         match self {
-            Self::BeforeTransaction => transaction_slot.checked_sub(1).context("transaction has no predecessor slot"),
+            Self::BeforeTransaction => transaction_slot
+                .checked_sub(1)
+                .context("transaction has no predecessor slot"),
             Self::EndOfExecutionSlot => Ok(transaction_slot),
         }
     }
Diff in /Users/thomas/Downloads/Upgrade Impact CI/engine/src/universal/evidence.rs:119:
 
 impl ResponseTemplate {
     fn from_raw(raw: &[u8], content: Option<&AccountSnapshot>) -> Result<Self> {
-        let Some(content) = content else { return Ok(Self::whole(raw)); };
+        let Some(content) = content else {
+            return Ok(Self::whole(raw));
+        };
         Self::from_raw_data(raw, &content.data)
     }
 
Diff in /Users/thomas/Downloads/Upgrade Impact CI/engine/src/universal/evidence.rs:126:
     fn from_raw_data(raw: &[u8], data: &[u8]) -> Result<Self> {
-        if data.is_empty() { return Ok(Self::whole(raw)); }
+        if data.is_empty() {
+            return Ok(Self::whole(raw));
+        }
         let needle = serde_json::to_vec(&BASE64_STANDARD.encode(data))?;
         let text = std::str::from_utf8(raw).context("archived response is not UTF-8 JSON")?;
         let pattern = std::str::from_utf8(&needle).expect("JSON base64 string is UTF-8");
Diff in /Users/thomas/Downloads/Upgrade Impact CI/engine/src/universal/evidence.rs:131:
-        let positions: Vec<_> = text.match_indices(pattern).map(|(i, _)| i).take(2).collect();
-        ensure!(positions.len() == 1, "cannot uniquely split archived account data");
+        let positions: Vec<_> = text
+            .match_indices(pattern)
+            .map(|(i, _)| i)
+            .take(2)
+            .collect();
+        ensure!(
+            positions.len() == 1,
+            "cannot uniquely split archived account data"
+        );
         let start = positions[0];
         Ok(Self {
             prefix_base64: BASE64_STANDARD.encode(&raw[..start]),
Diff in /Users/thomas/Downloads/Upgrade Impact CI/engine/src/universal/evidence.rs:140:
     }
 
     fn whole(raw: &[u8]) -> Self {
-        Self { prefix_base64: BASE64_STANDARD.encode(raw), suffix_base64: String::new(), raw_sha256: hash_bytes(raw), split_data: false }
+        Self {
+            prefix_base64: BASE64_STANDARD.encode(raw),
+            suffix_base64: String::new(),
+            raw_sha256: hash_bytes(raw),
+            split_data: false,
+        }
     }
 
     fn restore(&self, content: Option<&AccountSnapshot>) -> Result<Vec<u8>> {
Diff in /Users/thomas/Downloads/Upgrade Impact CI/engine/src/universal/evidence.rs:154:
             raw.extend_from_slice(&serde_json::to_vec(&BASE64_STANDARD.encode(data))?);
         }
         raw.extend_from_slice(&BASE64_STANDARD.decode(&self.suffix_base64)?);
-        ensure!(hash_bytes(&raw) == self.raw_sha256, "archived response bytes differ");
+        ensure!(
+            hash_bytes(&raw) == self.raw_sha256,
+            "archived response bytes differ"
+        );
         Ok(raw)
     }
 }
Diff in /Users/thomas/Downloads/Upgrade Impact CI/engine/src/universal/evidence.rs:185:
 
 impl ChunkedAccountObservation {
     fn identity(&self) -> Result<String> {
-        let mut copy = self.clone(); copy.identity.clear();
+        let mut copy = self.clone();
+        copy.identity.clear();
         Ok(hash_bytes(&serde_json::to_vec(&copy)?))
     }
 
Diff in /Users/thomas/Downloads/Upgrade Impact CI/engine/src/universal/evidence.rs:192:
-    pub fn capture(store: &EvidenceStore, address: &str, transaction_slot: u64,
-        provider: ArchiveProvenance, receipt_raws: &[Vec<u8>], slices: &[(u64, Vec<u8>)]) -> Result<EvidenceRef> {
+    pub fn capture(
+        store: &EvidenceStore,
+        address: &str,
+        transaction_slot: u64,
+        provider: ArchiveProvenance,
+        receipt_raws: &[Vec<u8>],
+        slices: &[(u64, Vec<u8>)],
+    ) -> Result<EvidenceRef> {
         provider.validate()?;
         address.parse::<solana_address::Address>()?;
-        let requested = transaction_slot.checked_sub(1).context("transaction has no predecessor slot")?;
-        ensure!(!receipt_raws.is_empty(), "historical account has no request receipt");
+        let requested = transaction_slot
+            .checked_sub(1)
+            .context("transaction has no predecessor slot")?;
+        ensure!(
+            !receipt_raws.is_empty(),
+            "historical account has no request receipt"
+        );
         let mut receipts = Vec::new();
         let mut receipt_values = Vec::new();
         for raw in receipt_raws {
Diff in /Users/thomas/Downloads/Upgrade Impact CI/engine/src/universal/evidence.rs:201:
             let receipt_value: Value = serde_json::from_slice(raw)?;
-            ensure!(receipt_genesis(&receipt_value) == Some(provider.genesis_hash.as_str())
-                && receipt_value["provider"].as_str() == Some(provider.scheme_host.as_str()),
-                "archive receipt provider or genesis differs");
+            ensure!(
+                receipt_genesis(&receipt_value) == Some(provider.genesis_hash.as_str())
+                    && receipt_value["provider"].as_str() == Some(provider.scheme_host.as_str()),
+                "archive receipt provider or genesis differs"
+            );
             receipts.push(store.put(EvidenceKind::Validator, raw)?);
             receipt_values.push(receipt_value);
         }
Diff in /Users/thomas/Downloads/Upgrade Impact CI/engine/src/universal/evidence.rs:208:
-        let mut ordered = slices.to_vec(); ordered.sort_by_key(|(offset, _)| *offset);
+        let mut ordered = slices.to_vec();
+        ordered.sort_by_key(|(offset, _)| *offset);
         ensure!(!ordered.is_empty(), "chunked account has no slices");
         let mut chunks = Vec::new();
         let mut assembled = Vec::new();
Diff in /Users/thomas/Downloads/Upgrade Impact CI/engine/src/universal/evidence.rs:212:
         let mut metadata: Option<AccountSnapshot> = None;
         let mut space = None;
         for (offset, raw) in ordered {
-            ensure!(offset == assembled.len() as u64, "missing or overlapping historical account byte interval");
+            ensure!(
+                offset == assembled.len() as u64,
+                "missing or overlapping historical account byte interval"
+            );
             let parsed: Value = serde_json::from_slice(&raw)?;
-            ensure!(parsed.get("error").is_none()
-                && parsed["result"]["context"]["slot"].as_u64() == Some(requested),
-                "chunk response uses wrong historical context");
+            ensure!(
+                parsed.get("error").is_none()
+                    && parsed["result"]["context"]["slot"].as_u64() == Some(requested),
+                "chunk response uses wrong historical context"
+            );
             let value = &parsed["result"]["value"];
             let part = accounts::normalize(value)?;
-            let size = value["space"].as_u64().context("chunk response missing full account space")?;
+            let size = value["space"]
+                .as_u64()
+                .context("chunk response missing full account space")?;
             if let Some(previous) = &metadata {
-                ensure!(previous.owner == part.owner && previous.lamports == part.lamports
-                    && previous.executable == part.executable && previous.rent_epoch == part.rent_epoch
-                    && space == Some(size), "historical account chunk metadata differs");
-            } else { metadata = Some(part.clone()); space = Some(size); }
+                ensure!(
+                    previous.owner == part.owner
+                        && previous.lamports == part.lamports
+                        && previous.executable == part.executable
+                        && previous.rent_epoch == part.rent_epoch
+                        && space == Some(size),
+                    "historical account chunk metadata differs"
+                );
+            } else {
+                metadata = Some(part.clone());
+                space = Some(size);
+            }
             let raw_hash = hash_bytes(&raw);
-            ensure!(receipt_values.iter().any(|receipt| receipt_contains(receipt, address, requested, offset, &raw_hash)),
-                "chunk has no matching exact-slot dataSlice request receipt");
+            ensure!(
+                receipt_values.iter().any(|receipt| receipt_contains(
+                    receipt, address, requested, offset, &raw_hash
+                )),
+                "chunk has no matching exact-slot dataSlice request receipt"
+            );
             let data = store.put(EvidenceKind::AccountChunk, &part.data)?;
             let template = ResponseTemplate::from_raw_data(&raw, &part.data)?;
-            let response_template = store.put(EvidenceKind::ResponseTemplate, &serde_json::to_vec(&template)?)?;
+            let response_template = store.put(
+                EvidenceKind::ResponseTemplate,
+                &serde_json::to_vec(&template)?,
+            )?;
             assembled.extend_from_slice(&part.data);
-            chunks.push(AccountChunk { offset, data, response_template, raw_response_sha256: raw_hash });
+            chunks.push(AccountChunk {
+                offset,
+                data,
+                response_template,
+                raw_response_sha256: raw_hash,
+            });
         }
-        ensure!(space == Some(assembled.len() as u64), "historical account chunks do not cover full space");
-        let mut full = metadata.expect("nonempty slices"); full.data = assembled;
+        ensure!(
+            space == Some(assembled.len() as u64),
+            "historical account chunks do not cover full space"
+        );
+        let mut full = metadata.expect("nonempty slices");
+        full.data = assembled;
         let content = store.put(EvidenceKind::AccountContent, &serde_json::to_vec(&full)?)?;
-        let mut observation = Self { address: address.into(), transaction_slot, requested_slot: requested,
-            returned_context_slot: requested, provider, receipts, content, chunks, identity: String::new() };
+        let mut observation = Self {
+            address: address.into(),
+            transaction_slot,
+            requested_slot: requested,
+            returned_context_slot: requested,
+            provider,
+            receipts,
+            content,
+            chunks,
+            identity: String::new(),
+        };
         observation.identity = observation.identity()?;
-        store.put(EvidenceKind::ChunkedAccountObservation, &serde_json::to_vec(&observation)?)
+        store.put(
+            EvidenceKind::ChunkedAccountObservation,
+            &serde_json::to_vec(&observation)?,
+        )
     }
 
-    pub fn resolve(store: &EvidenceStore, reference: &EvidenceRef, address: &str,
-        transaction_slot: u64, genesis: &str) -> Result<AccountSnapshot> {
-        ensure!(reference.kind == EvidenceKind::ChunkedAccountObservation, "chunked account reference has wrong kind");
+    pub fn resolve(
+        store: &EvidenceStore,
+        reference: &EvidenceRef,
+        address: &str,
+        transaction_slot: u64,
+        genesis: &str,
+    ) -> Result<AccountSnapshot> {
+        ensure!(
+            reference.kind == EvidenceKind::ChunkedAccountObservation,
+            "chunked account reference has wrong kind"
+        );
         let observation: Self = serde_json::from_slice(&store.get(reference)?)?;
-        ensure!(observation.identity == observation.identity()?, "chunked observation identity differs");
-        let requested = transaction_slot.checked_sub(1).context("transaction has no predecessor slot")?;
-        ensure!(observation.address == address && observation.transaction_slot == transaction_slot
-            && observation.requested_slot == requested && observation.returned_context_slot == requested,
-            "chunked account address or historical context differs");
+        ensure!(
+            observation.identity == observation.identity()?,
+            "chunked observation identity differs"
+        );
+        let requested = transaction_slot
+            .checked_sub(1)
+            .context("transaction has no predecessor slot")?;
+        ensure!(
+            observation.address == address
+                && observation.transaction_slot == transaction_slot
+                && observation.requested_slot == requested
+                && observation.returned_context_slot == requested,
+            "chunked account address or historical context differs"
+        );
         observation.provider.validate()?;
-        ensure!(observation.provider.genesis_hash == genesis, "chunked account genesis differs");
-        ensure!(!observation.receipts.is_empty() && observation.receipts.iter().all(|r| r.kind == EvidenceKind::Validator)
-            && observation.content.kind == EvidenceKind::AccountContent,
-            "chunked account evidence category differs");
-        let receipts = observation.receipts.iter().map(|reference| {
-            let receipt: Value = serde_json::from_slice(&store.get(reference)?)?;
-            ensure!(receipt_genesis(&receipt) == Some(genesis)
-                && receipt["provider"].as_str() == Some(observation.provider.scheme_host.as_str()),
-                "chunked account receipt identity differs");
-            Ok(receipt)
-        }).collect::<Result<Vec<_>>>()?;
+        ensure!(
+            observation.provider.genesis_hash == genesis,
+            "chunked account genesis differs"
+        );
+        ensure!(
+            !observation.receipts.is_empty()
+                && observation
+                    .receipts
+                    .iter()
+                    .all(|r| r.kind == EvidenceKind::Validator)
+                && observation.content.kind == EvidenceKind::AccountContent,
+            "chunked account evidence category differs"
+        );
+        let receipts = observation
+            .receipts
+            .iter()
+            .map(|reference| {
+                let receipt: Value = serde_json::from_slice(&store.get(reference)?)?;
+                ensure!(
+                    receipt_genesis(&receipt) == Some(genesis)
+                        && receipt["provider"].as_str()
+                            == Some(observation.provider.scheme_host.as_str()),
+                    "chunked account receipt identity differs"
+                );
+                Ok(receipt)
+            })
+            .collect::<Result<Vec<_>>>()?;
         let full: AccountSnapshot = serde_json::from_slice(&store.get(&observation.content)?)?;
         let mut assembled = Vec::new();
-        ensure!(!observation.chunks.is_empty(), "chunked account has no slices");
+        ensure!(
+            !observation.chunks.is_empty(),
+            "chunked account has no slices"
+        );
         for chunk in &observation.chunks {
-            ensure!(chunk.offset == assembled.len() as u64 && chunk.data.kind == EvidenceKind::AccountChunk
-                && chunk.response_template.kind == EvidenceKind::ResponseTemplate,
-                "chunk offset or evidence category differs");
+            ensure!(
+                chunk.offset == assembled.len() as u64
+                    && chunk.data.kind == EvidenceKind::AccountChunk
+                    && chunk.response_template.kind == EvidenceKind::ResponseTemplate,
+                "chunk offset or evidence category differs"
+            );
             let part = store.get(&chunk.data)?;
-            let template: ResponseTemplate = serde_json::from_slice(&store.get(&chunk.response_template)?)?;
+            let template: ResponseTemplate =
+                serde_json::from_slice(&store.get(&chunk.response_template)?)?;
             let raw = template.restore_data(Some(&part))?;
-            ensure!(hash_bytes(&raw) == chunk.raw_response_sha256
-                && receipts.iter().any(|receipt| receipt_contains(receipt, address, requested, chunk.offset, &chunk.raw_response_sha256)),
-                "chunk response/receipt identity differs");
+            ensure!(
+                hash_bytes(&raw) == chunk.raw_response_sha256
+                    && receipts.iter().any(|receipt| receipt_contains(
+                        receipt,
+                        address,
+                        requested,
+                        chunk.offset,
+                        &chunk.raw_response_sha256
+                    )),
+                "chunk response/receipt identity differs"
+            );
             let parsed: Value = serde_json::from_slice(&raw)?;
-            ensure!(parsed.get("error").is_none()
-                && parsed["result"]["context"]["slot"].as_u64() == Some(requested),
-                "chunk response has wrong context");
+            ensure!(
+                parsed.get("error").is_none()
+                    && parsed["result"]["context"]["slot"].as_u64() == Some(requested),
+                "chunk response has wrong context"
+            );
             let value = &parsed["result"]["value"];
             let slice = accounts::normalize(value)?;
-            ensure!(slice.data == part && slice.owner == full.owner && slice.lamports == full.lamports
-                && slice.executable == full.executable && slice.rent_epoch == full.rent_epoch
-                && value["space"].as_u64() == Some(full.data.len() as u64),
-                "chunk content or metadata differs");
+            ensure!(
+                slice.data == part
+                    && slice.owner == full.owner
+                    && slice.lamports == full.lamports
+                    && slice.executable == full.executable
+                    && slice.rent_epoch == full.rent_epoch
+                    && value["space"].as_u64() == Some(full.data.len() as u64),
+                "chunk content or metadata differs"
+            );
             assembled.extend_from_slice(&part);
         }
-        ensure!(assembled == full.data, "reassembled historical account differs from content");
+        ensure!(
+            assembled == full.data,
+            "reassembled historical account differs from content"
+        );
         Ok(full)
     }
 }
Diff in /Users/thomas/Downloads/Upgrade Impact CI/engine/src/universal/evidence.rs:296:
 
-fn receipt_contains(receipt: &Value, address: &str, slot: u64, offset: u64, response_sha256: &str) -> bool {
-    let entries = receipt["requests"].as_array().or_else(|| receipt["attempts"].as_array());
-    entries.is_some_and(|requests| requests.iter().any(|request| {
-        request["method"] == "getAccountInfo"
-            && request.get("status").map(|status| status == "success")
-                .unwrap_or_else(|| request.get("failure_class").is_some_and(Value::is_null))
-            && request["params"][0] == address
-            && request["params"][1]["slot"].as_u64() == Some(slot)
-            && request["params"][1]["dataSlice"]["offset"].as_u64().unwrap_or(0) == offset
-            && (request["response_sha256"] == response_sha256 || request["body_sha256"] == response_sha256)
-    }))
+fn receipt_contains(
+    receipt: &Value,
+    address: &str,
+    slot: u64,
+    offset: u64,
+    response_sha256: &str,
+) -> bool {
+    let entries = receipt["requests"]
+        .as_array()
+        .or_else(|| receipt["attempts"].as_array());
+    entries.is_some_and(|requests| {
+        requests.iter().any(|request| {
+            request["method"] == "getAccountInfo"
+                && request
+                    .get("status")
+                    .map(|status| status == "success")
+                    .unwrap_or_else(|| request.get("failure_class").is_some_and(Value::is_null))
+                && request["params"][0] == address
+                && request["params"][1]["slot"].as_u64() == Some(slot)
+                && request["params"][1]["dataSlice"]["offset"]
+                    .as_u64()
+                    .unwrap_or(0)
+                    == offset
+                && (request["response_sha256"] == response_sha256
+                    || request["body_sha256"] == response_sha256)
+        })
+    })
 }
 
 fn receipt_genesis(receipt: &Value) -> Option<&str> {
Diff in /Users/thomas/Downloads/Upgrade Impact CI/engine/src/universal/evidence.rs:311:
-    receipt["genesis"].as_str().or_else(|| receipt["qualification"]["genesis_hash"].as_str())
+    receipt["genesis"]
+        .as_str()
+        .or_else(|| receipt["qualification"]["genesis_hash"].as_str())
 }
 
 #[derive(Clone, Debug, PartialEq, Eq, Serialize, Deserialize)]
Diff in /Users/thomas/Downloads/Upgrade Impact CI/engine/src/universal/evidence.rs:332:
         Ok(hash_bytes(&serde_json::to_vec(&copy)?))
     }
 
-    pub fn capture(store: &EvidenceStore, address: &str, transaction_slot: u64,
-        boundary: AccountBoundary, provider: ArchiveProvenance, raw: &[u8]) -> Result<EvidenceRef> {
+    pub fn capture(
+        store: &EvidenceStore,
+        address: &str,
+        transaction_slot: u64,
+        boundary: AccountBoundary,
+        provider: ArchiveProvenance,
+        raw: &[u8],
+    ) -> Result<EvidenceRef> {
         provider.validate()?;
         address.parse::<solana_address::Address>()?;
         let requested = boundary.requested_slot(transaction_slot)?;
Diff in /Users/thomas/Downloads/Upgrade Impact CI/engine/src/universal/evidence.rs:340:
-        let parsed: Value = serde_json::from_slice(raw).context("invalid archived account response")?;
-        ensure!(parsed.get("error").is_none(), "archived account response reports an error");
-        let context = parsed["result"]["context"]["slot"].as_u64().context("archived response has no context slot")?;
-        ensure!(context == requested, "archive returned the wrong historical context");
+        let parsed: Value =
+            serde_json::from_slice(raw).context("invalid archived account response")?;
+        ensure!(
+            parsed.get("error").is_none(),
+            "archived account response reports an error"
+        );
+        let context = parsed["result"]["context"]["slot"]
+            .as_u64()
+            .context("archived response has no context slot")?;
+        ensure!(
+            context == requested,
+            "archive returned the wrong historical context"
+        );
         let value = &parsed["result"]["value"];
-        let account = if value.is_null() { None } else { Some(accounts::normalize(value)?) };
-        let content = account.as_ref().map(|a| store.put(EvidenceKind::AccountContent, &serde_json::to_vec(a)?)).transpose()?;
+        let account = if value.is_null() {
+            None
+        } else {
+            Some(accounts::normalize(value)?)
+        };
+        let content = account
+            .as_ref()
+            .map(|a| store.put(EvidenceKind::AccountContent, &serde_json::to_vec(a)?))
+            .transpose()?;
         let template = ResponseTemplate::from_raw(raw, account.as_ref())?;
-        let response_template = store.put(EvidenceKind::ResponseTemplate, &serde_json::to_vec(&template)?)?;
-        let mut observation = Self { address: address.into(), transaction_slot, boundary,
-            requested_slot: requested, returned_context_slot: context, provider, content,
-            response_template, raw_response_sha256: hash_bytes(raw), identity: String::new() };
+        let response_template = store.put(
+            EvidenceKind::ResponseTemplate,
+            &serde_json::to_vec(&template)?,
+        )?;
+        let mut observation = Self {
+            address: address.into(),
+            transaction_slot,
+            boundary,
+            requested_slot: requested,
+            returned_context_slot: context,
+            provider,
+            content,
+            response_template,
+            raw_response_sha256: hash_bytes(raw),
+            identity: String::new(),
+        };
         observation.identity = observation.identity()?;
-        store.put(EvidenceKind::AccountObservation, &serde_json::to_vec(&observation)?)
+        store.put(
+            EvidenceKind::AccountObservation,
+            &serde_json::to_vec(&observation)?,
+        )
     }
 
-    pub fn resolve(store: &EvidenceStore, reference: &EvidenceRef, address: &str,
-        transaction_slot: u64, boundary: AccountBoundary, genesis: &str) -> Result<Option<AccountSnapshot>> {
-        Ok(Self::resolve_with_raw(store, reference, address, transaction_slot, boundary, genesis)?.0)
+    pub fn resolve(
+        store: &EvidenceStore,
+        reference: &EvidenceRef,
+        address: &str,
+        transaction_slot: u64,
+        boundary: AccountBoundary,
+        genesis: &str,
+    ) -> Result<Option<AccountSnapshot>> {
+        Ok(Self::resolve_with_raw(
+            store,
+            reference,
+            address,
+            transaction_slot,
+            boundary,
+            genesis,
+        )?
+        .0)
     }
 
-    pub fn resolve_with_raw(store: &EvidenceStore, reference: &EvidenceRef, address: &str,
-        transaction_slot: u64, boundary: AccountBoundary, genesis: &str) -> Result<(Option<AccountSnapshot>, Vec<u8>)> {
-        ensure!(reference.kind == EvidenceKind::AccountObservation, "account observation reference has wrong kind");
+    pub fn resolve_with_raw(
+        store: &EvidenceStore,
+        reference: &EvidenceRef,
+        address: &str,
+        transaction_slot: u64,
+        boundary: AccountBoundary,
+        genesis: &str,
+    ) -> Result<(Option<AccountSnapshot>, Vec<u8>)> {
+        ensure!(
+            reference.kind == EvidenceKind::AccountObservation,
+            "account observation reference has wrong kind"
+        );
         let observation: Self = serde_json::from_slice(&store.get(reference)?)?;
-        ensure!(observation.identity == observation.identity()?, "account observation identity differs");
-        ensure!(observation.address == address && observation.transaction_slot == transaction_slot
-            && observation.boundary == boundary, "account address or historical boundary differs");
+        ensure!(
+            observation.identity == observation.identity()?,
+            "account observation identity differs"
+        );
+        ensure!(
+            observation.address == address
+                && observation.transaction_slot == transaction_slot
+                && observation.boundary == boundary,
+            "account address or historical boundary differs"
+        );
         let requested = boundary.requested_slot(transaction_slot)?;
-        ensure!(observation.requested_slot == requested && observation.returned_context_slot == requested,
-            "account observation uses the wrong historical context");
-        ensure!(observation.provider.genesis_hash == genesis, "account observation genesis differs");
+        ensure!(
+            observation.requested_slot == requested
+                && observation.returned_context_slot == requested,
+            "account observation uses the wrong historical context"
+        );
+        ensure!(
+            observation.provider.genesis_hash == genesis,
+            "account observation genesis differs"
+        );
         observation.provider.validate()?;
-        let content = observation.content.as_ref().map(|r| {
-            ensure!(r.kind == EvidenceKind::AccountContent, "account content reference has wrong kind");
-            serde_json::from_slice::<AccountSnapshot>(&store.get(r)?).map_err(Into::into)
-        }).transpose()?;
-        ensure!(observation.response_template.kind == EvidenceKind::ResponseTemplate, "response template has wrong kind");
-        let template: ResponseTemplate = serde_json::from_slice(&store.get(&observation.response_template)?)?;
+        let content = observation
+            .content
+            .as_ref()
+            .map(|r| {
+                ensure!(
+                    r.kind == EvidenceKind::AccountContent,
+                    "account content reference has wrong kind"
+                );
+                serde_json::from_slice::<AccountSnapshot>(&store.get(r)?).map_err(Into::into)
+            })
+            .transpose()?;
+        ensure!(
+            observation.response_template.kind == EvidenceKind::ResponseTemplate,
+            "response template has wrong kind"
+        );
+        let template: ResponseTemplate =
+            serde_json::from_slice(&store.get(&observation.response_template)?)?;
         let raw = template.restore(content.as_ref())?;
-        ensure!(hash_bytes(&raw) == observation.raw_response_sha256, "account wire response hash differs");
+        ensure!(
+            hash_bytes(&raw) == observation.raw_response_sha256,
+            "account wire response hash differs"
+        );
         let parsed: Value = serde_json::from_slice(&raw)?;
-        ensure!(parsed.get("error").is_none() && parsed["result"]["context"]["slot"].as_u64() == Some(requested),
-            "archived account response context differs");
+        ensure!(
+            parsed.get("error").is_none()
+                && parsed["result"]["context"]["slot"].as_u64() == Some(requested),
+            "archived account response context differs"
+        );
         let value = &parsed["result"]["value"];
-        let verified = if value.is_null() { None } else { Some(accounts::normalize(value)?) };
-        ensure!(verified == content, "archived account response differs from shared content");
+        let verified = if value.is_null() {
+            None
+        } else {
+            Some(accounts::normalize(value)?)
+        };
+        ensure!(
+            verified == content,
+            "archived account response differs from shared content"
+        );
         Ok((content, raw))
     }
 }
Diff in /Users/thomas/Downloads/Upgrade Impact CI/engine/src/universal/execution.rs:1:
 //! One historical execution contract for legacy and native v0 messages.
-use std::{collections::BTreeMap, time::{Duration, Instant}};
+use std::{
+    collections::BTreeMap,
+    time::{Duration, Instant},
+};
 
 use anyhow::{anyhow, ensure, Result};
 use litesvm::LiteSVM;
Diff in /Users/thomas/Downloads/Upgrade Impact CI/engine/src/universal/execution.rs:7:
 use solana_account::Account;
 use solana_address::Address;
 use solana_clock::Clock;
-use solana_message::VersionedMessage;
 use solana_hash::Hash;
+use solana_message::VersionedMessage;
 use solana_slot_hashes::SlotHashes;
 use solana_transaction::{versioned::VersionedTransaction, Transaction};
 
Diff in /Users/thomas/Downloads/Upgrade Impact CI/engine/src/universal/execution.rs:15:
-use crate::{executor::LoadedProgram, types::AccountSnapshot};
 use super::model::ResolvedMessage;
+use crate::{executor::LoadedProgram, types::AccountSnapshot};
 
 #[derive(Clone, Debug, PartialEq, Eq, Serialize, Deserialize)]
 pub struct InnerInstruction {
Diff in /Users/thomas/Downloads/Upgrade Impact CI/engine/src/universal/execution.rs:70:
 }
 
 #[derive(Clone, Copy, Debug, PartialEq, Eq)]
-pub enum SlotHashesVariant { BackendDefault, Empty, Different }
+pub enum SlotHashesVariant {
+    BackendDefault,
+    Empty,
+    Different,
+}
 
 pub trait ExecutionBackend {
     fn execute(&self, request: &ExecutionRequest<'_>) -> Result<ExecutionEvidence>;
Diff in /Users/thomas/Downloads/Upgrade Impact CI/engine/src/universal/execution.rs:91:
 }
 
 fn account(snapshot: &AccountSnapshot) -> Result<Account> {
-    Ok(Account { lamports: snapshot.lamports, data: snapshot.data.clone(),
-        owner: snapshot.owner.parse()?, executable: snapshot.executable,
-        rent_epoch: snapshot.rent_epoch })
+    Ok(Account {
+        lamports: snapshot.lamports,
+        data: snapshot.data.clone(),
+        owner: snapshot.owner.parse()?,
+        executable: snapshot.executable,
+        rent_epoch: snapshot.rent_epoch,
+    })
 }
 
 fn snapshot(account: &Account) -> AccountSnapshot {
Diff in /Users/thomas/Downloads/Upgrade Impact CI/engine/src/universal/execution.rs:100:
-    AccountSnapshot { lamports: account.lamports, owner: account.owner.to_string(),
-        data: account.data.clone(), executable: account.executable, rent_epoch: account.rent_epoch }
+    AccountSnapshot {
+        lamports: account.lamports,
+        owner: account.owner.to_string(),
+        data: account.data.clone(),
+        executable: account.executable,
+        rent_epoch: account.rent_epoch,
+    }
 }
 
 impl LiteSvmBackend {
Diff in /Users/thomas/Downloads/Upgrade Impact CI/engine/src/universal/execution.rs:105:
-    pub fn execute_timed(&self, request: &ExecutionRequest<'_>) -> Result<(ExecutionEvidence, BackendTimings)> {
+    pub fn execute_timed(
+        &self,
+        request: &ExecutionRequest<'_>,
+    ) -> Result<(ExecutionEvidence, BackendTimings)> {
         let mut timings = BackendTimings::default();
         let started = Instant::now();
         let mut svm = LiteSVM::new()
Diff in /Users/thomas/Downloads/Upgrade Impact CI/engine/src/universal/execution.rs:109:
             .with_sigverify(request.signature_check)
             .with_blockhash_check(request.blockhash_check);
-        if request.unlimited_logs { svm = svm.with_log_bytes_limit(None); }
-        if let Some(clock) = &request.clock { svm.set_sysvar(clock); }
+        if request.unlimited_logs {
+            svm = svm.with_log_bytes_limit(None);
+        }
+        if let Some(clock) = &request.clock {
+            svm.set_sysvar(clock);
+        }
         for (address, value) in request.runtime_sysvars {
             svm.set_account(address.parse()?, account(value)?)
                 .map_err(|e| anyhow!("historical sysvar {address}: {e:?}"))?;
Diff in /Users/thomas/Downloads/Upgrade Impact CI/engine/src/universal/execution.rs:119:
             SlotHashesVariant::Empty => svm.set_sysvar(&SlotHashes::new(&[])),
             SlotHashesVariant::Different => {
                 let slot = request.message.transaction.slot;
-                ensure!(slot >= 7, "slot too early for diagnostic SlotHashes profile");
+                ensure!(
+                    slot >= 7,
+                    "slot too early for diagnostic SlotHashes profile"
+                );
                 svm.set_sysvar(&SlotHashes::new(&[
                     (slot - 1, Hash::new_from_array([17; 32])),
                     (slot - 7, Hash::new_from_array([99; 32])),
Diff in /Users/thomas/Downloads/Upgrade Impact CI/engine/src/universal/execution.rs:145:
             }
         }
         if request.require_complete_state {
-            ensure!(request.message.account_keys.iter().all(|key| request.seeds.contains_key(key)
-                || request.runtime_sysvars.contains_key(key)
-                || request.absent_pre_accounts.contains(key)
-                || key == "Sysvar1nstructions1111111111111111111111111"),
-                "message key lacks a resolved seed or absence proof");
+            ensure!(
+                request
+                    .message
+                    .account_keys
+                    .iter()
+                    .all(|key| request.seeds.contains_key(key)
+                        || request.runtime_sysvars.contains_key(key)
+                        || request.absent_pre_accounts.contains(key)
+                        || key == "Sysvar1nstructions1111111111111111111111111"),
+                "message key lacks a resolved seed or absence proof"
+            );
         }
         timings.account_seeding = started.elapsed();
         let started = Instant::now();
Diff in /Users/thomas/Downloads/Upgrade Impact CI/engine/src/universal/execution.rs:163:
             }
             VersionedMessage::V0(message) => {
                 let signature = request.message.transaction.signature.parse()?;
-                let tx = VersionedTransaction { signatures: vec![signature],
-                    message: VersionedMessage::V0(message.clone()) };
+                let tx = VersionedTransaction {
+                    signatures: vec![signature],
+                    message: VersionedMessage::V0(message.clone()),
+                };
                 match svm.send_transaction(tx) {
                     Ok(meta) => (true, None, meta),
                     Err(failure) => (false, Some(format!("{:?}", failure.err)), failure.meta),
Diff in /Users/thomas/Downloads/Upgrade Impact CI/engine/src/universal/execution.rs:177:
         let mut post_accounts = BTreeMap::new();
         for address in request.watched {
             let key: Address = address.parse()?;
-            ensure!(post_accounts.insert(address.clone(), svm.get_account(&key).as_ref().map(snapshot)).is_none(),
-                "duplicate watched address");
+            ensure!(
+                post_accounts
+                    .insert(
+                        address.clone(),
+                        svm.get_account(&key).as_ref().map(snapshot)
+                    )
+                    .is_none(),
+                "duplicate watched address"
+            );
         }
-        let inner_instructions = meta.inner_instructions.iter().enumerate().map(|(outer_index, group)| {
-            InnerGroup { outer_index, instructions: group.iter().map(|inner| InnerInstruction {
-                program_id_index: inner.instruction.program_id_index,
-                accounts: inner.instruction.accounts.clone(),
-                data: inner.instruction.data.clone(), stack_height: inner.stack_height,
-            }).collect() }
-        }).collect();
-        let evidence = ExecutionEvidence { success, error, compute_units: meta.compute_units_consumed,
-            fee: meta.fee, logs: meta.logs, inner_instructions,
-            return_data: ReturnData { program: meta.return_data.program_id.to_string(), data: meta.return_data.data },
-            post_accounts };
+        let inner_instructions = meta
+            .inner_instructions
+            .iter()
+            .enumerate()
+            .map(|(outer_index, group)| InnerGroup {
+                outer_index,
+                instructions: group
+                    .iter()
+                    .map(|inner| InnerInstruction {
+                        program_id_index: inner.instruction.program_id_index,
+                        accounts: inner.instruction.accounts.clone(),
+                        data: inner.instruction.data.clone(),
+                        stack_height: inner.stack_height,
+                    })
+                    .collect(),
+            })
+            .collect();
+        let evidence = ExecutionEvidence {
+            success,
+            error,
+            compute_units: meta.compute_units_consumed,
+            fee: meta.fee,
+            logs: meta.logs,
+            inner_instructions,
+            return_data: ReturnData {
+                program: meta.return_data.program_id.to_string(),
+                data: meta.return_data.data,
+            },
+            post_accounts,
+        };
         timings.evidence_collection = started.elapsed();
         Ok((evidence, timings))
     }
Diff in /Users/thomas/Downloads/Upgrade Impact CI/engine/src/universal/fidelity.rs:3:
 
 use anyhow::Result;
 
-use crate::{replay::{ReplayFidelity, ReplayRecord, ReplayStateSource}, types::AccountSnapshot, executor::ExecutionResult};
-use super::{execution::ExecutionEvidence, model::{ExpectedHistoricalOutcome, FidelityProfile}};
+use super::{
+    execution::ExecutionEvidence,
+    model::{ExpectedHistoricalOutcome, FidelityProfile},
+};
+use crate::{
+    executor::ExecutionResult,
+    replay::{ReplayFidelity, ReplayRecord, ReplayStateSource},
+    types::AccountSnapshot,
+};
 
 #[derive(Clone, Debug, PartialEq, Eq)]
 pub struct FidelityResult {
Diff in /Users/thomas/Downloads/Upgrade Impact CI/engine/src/universal/fidelity.rs:34:
     } else {
         ReplayFidelity::Matched
     };
-    Ok(FidelityResult { profile: FidelityProfile::HistoricalReplayV1, status, failures })
+    Ok(FidelityResult {
+        profile: FidelityProfile::HistoricalReplayV1,
+        status,
+        failures,
+    })
 }
 
 /// Compare the complete execution evidence retained by U3F. The only
Diff in /Users/thomas/Downloads/Upgrade Impact CI/engine/src/universal/fidelity.rs:41:
 /// representation exception is Agave's omission of empty return data.
-pub fn compare_v2(expected: &ExpectedHistoricalOutcome,
+pub fn compare_v2(
+    expected: &ExpectedHistoricalOutcome,
     expected_accounts: &BTreeMap<String, Option<AccountSnapshot>>,
-    local: &ExecutionEvidence) -> FidelityResult {
+    local: &ExecutionEvidence,
+) -> FidelityResult {
     let mut failures = Vec::new();
     if expected.success != local.success || expected.error != local.error {
         failures.push("outcome".into());
Diff in /Users/thomas/Downloads/Upgrade Impact CI/engine/src/universal/fidelity.rs:48:
     }
-    if expected.fee != local.fee { failures.push("fee".into()); }
-    if expected.logs != local.logs { failures.push("logs".into()); }
-    let actual_inner = local.inner_instructions.iter().filter(|group| !group.instructions.is_empty())
-        .cloned().collect::<Vec<_>>();
-    if expected.inner_instructions != actual_inner { failures.push("inner_instructions".into()); }
+    if expected.fee != local.fee {
+        failures.push("fee".into());
+    }
+    if expected.logs != local.logs {
+        failures.push("logs".into());
+    }
+    let actual_inner = local
+        .inner_instructions
+        .iter()
+        .filter(|group| !group.instructions.is_empty())
+        .cloned()
+        .collect::<Vec<_>>();
+    if expected.inner_instructions != actual_inner {
+        failures.push("inner_instructions".into());
+    }
     match &expected.return_data {
         Some(value) if value != &local.return_data => failures.push("return_data".into()),
         None if !local.return_data.data.is_empty() => failures.push("return_data".into()),
Diff in /Users/thomas/Downloads/Upgrade Impact CI/engine/src/universal/fidelity.rs:57:
         _ => {}
     }
     if expected_accounts.len() != expected.watched_accounts.len()
-        || local.post_accounts.len() != expected.watched_accounts.len() {
+        || local.post_accounts.len() != expected.watched_accounts.len()
+    {
         failures.push("watched_account_set".into());
     }
     for watched in &expected.watched_accounts {
Diff in /Users/thomas/Downloads/Upgrade Impact CI/engine/src/universal/fidelity.rs:64:
         let address = &watched.address;
-        match (expected_accounts.get(address), local.post_accounts.get(address)) {
+        match (
+            expected_accounts.get(address),
+            local.post_accounts.get(address),
+        ) {
             (Some(expected), Some(actual)) if expected == actual => {}
             (Some(Some(expected)), Some(Some(actual))) => {
-                if expected.owner != actual.owner { failures.push(format!("account:{address}:owner")); }
-                if expected.lamports != actual.lamports { failures.push(format!("account:{address}:lamports")); }
-                if expected.executable != actual.executable { failures.push(format!("account:{address}:executable")); }
-                if expected.rent_epoch != actual.rent_epoch { failures.push(format!("account:{address}:rent_epoch")); }
-                if expected.data != actual.data { failures.push(format!("account:{address}:raw_data")); }
+                if expected.owner != actual.owner {
+                    failures.push(format!("account:{address}:owner"));
+                }
+                if expected.lamports != actual.lamports {
+                    failures.push(format!("account:{address}:lamports"));
+                }
+                if expected.executable != actual.executable {
+                    failures.push(format!("account:{address}:executable"));
+                }
+                if expected.rent_epoch != actual.rent_epoch {
+                    failures.push(format!("account:{address}:rent_epoch"));
+                }
+                if expected.data != actual.data {
+                    failures.push(format!("account:{address}:raw_data"));
+                }
             }
             _ => failures.push(format!("account:{address}:presence")),
         }
Diff in /Users/thomas/Downloads/Upgrade Impact CI/engine/src/universal/fidelity.rs:76:
     }
-    FidelityResult { profile: FidelityProfile::CompleteExecutionV2,
-        status: if failures.is_empty() { ReplayFidelity::Matched } else { ReplayFidelity::Mismatch },
-        failures }
+    FidelityResult {
+        profile: FidelityProfile::CompleteExecutionV2,
+        status: if failures.is_empty() {
+            ReplayFidelity::Matched
+        } else {
+            ReplayFidelity::Mismatch
+        },
+        failures,
+    }
 }
 
 #[cfg(test)]
Diff in /Users/thomas/Downloads/Upgrade Impact CI/engine/src/universal/fidelity.rs:83:
 mod tests {
     use super::*;
-    use crate::universal::{evidence::{EvidenceKind, EvidenceRef}, execution::{InnerGroup, ReturnData},
-        model::{ExpectedAccountSource, WatchedAccount}};
+    use crate::universal::{
+        evidence::{EvidenceKind, EvidenceRef},
+        execution::{InnerGroup, ReturnData},
+        model::{ExpectedAccountSource, WatchedAccount},
+    };
 
-    fn fixture() -> (ExpectedHistoricalOutcome, BTreeMap<String, Option<AccountSnapshot>>, ExecutionEvidence) {
+    fn fixture() -> (
+        ExpectedHistoricalOutcome,
+        BTreeMap<String, Option<AccountSnapshot>>,
+        ExecutionEvidence,
+    ) {
         let address = "watched".to_string();
-        let account = AccountSnapshot { owner: "owner".into(), lamports: 17,
-            data: vec![1, 2, 3], executable: false, rent_epoch: 8 };
-        let reference = EvidenceRef { kind: EvidenceKind::AccountObservation, sha256: "a".repeat(64) };
-        let expected = ExpectedHistoricalOutcome { success: true, error: None, fee: 5000,
-            logs: vec!["log".into()], inner_instructions: Vec::new(), return_data: None,
-            watched_accounts: vec![WatchedAccount { address: address.clone(),
-                expected_post_content: None, source: ExpectedAccountSource::Archived(reference) }] };
+        let account = AccountSnapshot {
+            owner: "owner".into(),
+            lamports: 17,
+            data: vec![1, 2, 3],
+            executable: false,
+            rent_epoch: 8,
+        };
+        let reference = EvidenceRef {
+            kind: EvidenceKind::AccountObservation,
+            sha256: "a".repeat(64),
+        };
+        let expected = ExpectedHistoricalOutcome {
+            success: true,
+            error: None,
+            fee: 5000,
+            logs: vec!["log".into()],
+            inner_instructions: Vec::new(),
+            return_data: None,
+            watched_accounts: vec![WatchedAccount {
+                address: address.clone(),
+                expected_post_content: None,
+                source: ExpectedAccountSource::Archived(reference),
+            }],
+        };
         let accounts = BTreeMap::from([(address.clone(), Some(account.clone()))]);
-        let local = ExecutionEvidence { success: true, error: None, compute_units: 42, fee: 5000,
-            logs: vec!["log".into()], inner_instructions: vec![InnerGroup { outer_index: 0, instructions: Vec::new() }],
-            return_data: ReturnData { program: "last program".into(), data: Vec::new() },
-            post_accounts: BTreeMap::from([(address, Some(account))]) };
+        let local = ExecutionEvidence {
+            success: true,
+            error: None,
+            compute_units: 42,
+            fee: 5000,
+            logs: vec!["log".into()],
+            inner_instructions: vec![InnerGroup {
+                outer_index: 0,
+                instructions: Vec::new(),
+            }],
+            return_data: ReturnData {
+                program: "last program".into(),
+                data: Vec::new(),
+            },
+            post_accounts: BTreeMap::from([(address, Some(account))]),
+        };
         (expected, accounts, local)
     }
 
Diff in /Users/thomas/Downloads/Upgrade Impact CI/engine/src/universal/fidelity.rs:105:
     #[test]
     fn complete_profile_checks_raw_data_and_return_representation() {
         let (expected, accounts, mut local) = fixture();
-        assert!(compare_v2(&expected, &accounts, &local).matched(), "empty return representation is normalized");
+        assert!(
+            compare_v2(&expected, &accounts, &local).matched(),
+            "empty return representation is normalized"
+        );
         local.return_data.data = vec![1];
-        assert!(compare_v2(&expected, &accounts, &local).failures.contains(&"return_data".into()),
-            "nonempty return mismatch must fail");
+        assert!(
+            compare_v2(&expected, &accounts, &local)
+                .failures
+                .contains(&"return_data".into()),
+            "nonempty return mismatch must fail"
+        );
         local.return_data.data.clear();
-        local.post_accounts.get_mut("watched").unwrap().as_mut().unwrap().data[2] = 4;
-        assert!(compare_v2(&expected, &accounts, &local).failures.contains(&"account:watched:raw_data".into()),
-            "typed equality cannot hide a raw byte mismatch");
+        local
+            .post_accounts
+            .get_mut("watched")
+            .unwrap()
+            .as_mut()
+            .unwrap()
+            .data[2] = 4;
+        assert!(
+            compare_v2(&expected, &accounts, &local)
+                .failures
+                .contains(&"account:watched:raw_data".into()),
+            "typed equality cannot hide a raw byte mismatch"
+        );
         local.post_accounts.insert("watched".into(), None);
-        assert!(compare_v2(&expected, &accounts, &local).failures.contains(&"account:watched:presence".into()),
-            "watched account lifecycle must be compared");
+        assert!(
+            compare_v2(&expected, &accounts, &local)
+                .failures
+                .contains(&"account:watched:presence".into()),
+            "watched account lifecycle must be compared"
+        );
     }
 }
 
Diff in /Users/thomas/Downloads/Upgrade Impact CI/engine/src/universal/mod.rs:3:
 //! This module deliberately contains no protocol IDs. A record is an
 //! observation about a transaction, not a request to run a particular adapter.
 
-pub mod evidence;
 pub mod bundle;
+pub mod evidence;
 pub mod execution;
 pub mod fidelity;
 pub mod model;
Diff in /Users/thomas/Downloads/Upgrade Impact CI/engine/src/universal/model.rs:3:
 use serde::{Deserialize, Serialize};
 use solana_message::{v0, Message, VersionedMessage};
 
-use crate::{dependencies::DependencyManifest, ingest::transactions::HistoricalTransaction, message::{self, FrozenV0, HistoricalAccountEvidence, LutResolutionProof}, replay::hash_bytes};
+use super::evidence::{
+    AccountBoundary, AccountObservation, EvidenceKind, EvidenceRef, EvidenceStore,
+};
 use super::execution::{InnerGroup, ReturnData};
-use super::evidence::{AccountBoundary, AccountObservation, EvidenceKind, EvidenceRef, EvidenceStore};
+use crate::{
+    dependencies::DependencyManifest,
+    ingest::transactions::HistoricalTransaction,
+    message::{self, FrozenV0, HistoricalAccountEvidence, LutResolutionProof},
+    replay::hash_bytes,
+};
 
 #[derive(Clone, Debug, PartialEq, Eq, Serialize, Deserialize)]
 #[serde(tag = "format", rename_all = "snake_case")]
Diff in /Users/thomas/Downloads/Upgrade Impact CI/engine/src/universal/model.rs:43:
     /// provide it before they can be admitted as schema-2 observations.
     pub fn validator_transaction_ref(&self) -> Option<&EvidenceRef> {
         match self {
-            Self::V0 { frozen_transaction, .. } => Some(frozen_transaction),
+            Self::V0 {
+                frozen_transaction, ..
+            } => Some(frozen_transaction),
             Self::Legacy { .. } | Self::LegacyV1Compatibility { .. } => None,
         }
     }
Diff in /Users/thomas/Downloads/Upgrade Impact CI/engine/src/universal/model.rs:50:
 
     pub fn identity(&self) -> Result<String> {
-        Ok(hash_bytes(&serde_json::to_vec(&("eplyx-execution-input-v1", self))?))
+        Ok(hash_bytes(&serde_json::to_vec(&(
+            "eplyx-execution-input-v1",
+            self,
+        ))?))
     }
 
     pub fn resolve(&self, store: &EvidenceStore, genesis: &str) -> Result<ResolvedMessage> {
Diff in /Users/thomas/Downloads/Upgrade Impact CI/engine/src/universal/model.rs:56:
         match self {
-            Self::Legacy { message, transaction } | Self::LegacyV1Compatibility { message, transaction } => {
+            Self::Legacy {
+                message,
+                transaction,
+            }
+            | Self::LegacyV1Compatibility {
+                message,
+                transaction,
+            } => {
                 let compatible_v0 = matches!(self, Self::LegacyV1Compatibility { .. })
                     && transaction.version == "v0";
-                ensure!((transaction.version == "legacy" || compatible_v0) && transaction.loaded_address_count == 0,
-                    "legacy input has a different message format");
-                ensure!(message.account_keys.iter().map(ToString::to_string).collect::<Vec<_>>()
-                    == transaction.account_keys.iter().map(|k| k.address.clone()).collect::<Vec<_>>(),
-                    "legacy message key space differs from transaction");
-                ensure!(message.recent_blockhash.to_string() == transaction.recent_blockhash,
-                    "legacy recent blockhash differs");
-                ensure!(message.instructions.len() == transaction.instructions.len(),
-                    "legacy instruction count differs");
-                for (compiled, normalized) in message.instructions.iter().zip(&transaction.instructions) {
-                    let program = message.account_keys.get(usize::from(compiled.program_id_index))
+                ensure!(
+                    (transaction.version == "legacy" || compatible_v0)
+                        && transaction.loaded_address_count == 0,
+                    "legacy input has a different message format"
+                );
+                ensure!(
+                    message
+                        .account_keys
+                        .iter()
+                        .map(ToString::to_string)
+                        .collect::<Vec<_>>()
+                        == transaction
+                            .account_keys
+                            .iter()
+                            .map(|k| k.address.clone())
+                            .collect::<Vec<_>>(),
+                    "legacy message key space differs from transaction"
+                );
+                ensure!(
+                    message.recent_blockhash.to_string() == transaction.recent_blockhash,
+                    "legacy recent blockhash differs"
+                );
+                ensure!(
+                    message.instructions.len() == transaction.instructions.len(),
+                    "legacy instruction count differs"
+                );
+                for (compiled, normalized) in
+                    message.instructions.iter().zip(&transaction.instructions)
+                {
+                    let program = message
+                        .account_keys
+                        .get(usize::from(compiled.program_id_index))
                         .context("legacy program index out of range")?;
-                    ensure!(program.to_string() == normalized.program && compiled.data == normalized.data,
-                        "legacy compiled instruction differs");
-                    let addresses = compiled.accounts.iter().map(|i| {
-                        message.account_keys.get(usize::from(*i)).map(ToString::to_string)
-                            .context("legacy account index out of range")
-                    }).collect::<Result<Vec<_>>>()?;
-                    ensure!(addresses == normalized.accounts.iter().map(|a| a.address.clone()).collect::<Vec<_>>(),
-                        "legacy compiled account indexes differ");
+                    ensure!(
+                        program.to_string() == normalized.program
+                            && compiled.data == normalized.data,
+                        "legacy compiled instruction differs"
+                    );
+                    let addresses = compiled
+                        .accounts
+                        .iter()
+                        .map(|i| {
+                            message
+                                .account_keys
+                                .get(usize::from(*i))
+                                .map(ToString::to_string)
+                                .context("legacy account index out of range")
+                        })
+                        .collect::<Result<Vec<_>>>()?;
+                    ensure!(
+                        addresses
+                            == normalized
+                                .accounts
+                                .iter()
+                                .map(|a| a.address.clone())
+                                .collect::<Vec<_>>(),
+                        "legacy compiled account indexes differ"
+                    );
                 }
-                Ok(ResolvedMessage { message: VersionedMessage::Legacy(message.clone()),
-                    transaction: transaction.clone(), account_keys: message.account_keys.iter().map(ToString::to_string).collect() })
+                Ok(ResolvedMessage {
+                    message: VersionedMessage::Legacy(message.clone()),
+                    transaction: transaction.clone(),
+                    account_keys: message
+                        .account_keys
+                        .iter()
+                        .map(ToString::to_string)
+                        .collect(),
+                })
             }
-            Self::V0 { message, frozen_transaction, lookup_tables, slot_hashes, claimed_proof } => {
-                ensure!(frozen_transaction.kind == EvidenceKind::Transaction, "frozen transaction reference has wrong kind");
-                let raw: serde_json::Value = serde_json::from_slice(&store.get(frozen_transaction)?)?;
+            Self::V0 {
+                message,
+                frozen_transaction,
+                lookup_tables,
+                slot_hashes,
+                claimed_proof,
+            } => {
+                ensure!(
+                    frozen_transaction.kind == EvidenceKind::Transaction,
+                    "frozen transaction reference has wrong kind"
+                );
+                let raw: serde_json::Value =
+                    serde_json::from_slice(&store.get(frozen_transaction)?)?;
                 let frozen = FrozenV0::from_rpc(&raw, genesis)?;
-                ensure!(frozen.native_message() == message, "native v0 message differs from frozen transaction");
+                ensure!(
+                    frozen.native_message() == message,
+                    "native v0 message differs from frozen transaction"
+                );
                 let slot = frozen.execution_slot();
-                let read_account = |reference: &EvidenceRef, address: &str| -> Result<HistoricalAccountEvidence> {
-                    let observation: AccountObservation = serde_json::from_slice(&store.get(reference)?)?;
-                    let (_, raw) = AccountObservation::resolve_with_raw(store, reference, address, slot,
-                        AccountBoundary::EndOfExecutionSlot, genesis)?;
-                    HistoricalAccountEvidence::from_response(address, slot, observation.provider, &raw)
-                };
-                ensure!(lookup_tables.len() == message.address_table_lookups.len(),
-                    "v0 lookup evidence count differs from native message");
+                let read_account =
+                    |reference: &EvidenceRef, address: &str| -> Result<HistoricalAccountEvidence> {
+                        let observation: AccountObservation =
+                            serde_json::from_slice(&store.get(reference)?)?;
+                        let (_, raw) = AccountObservation::resolve_with_raw(
+                            store,
+                            reference,
+                            address,
+                            slot,
+                            AccountBoundary::EndOfExecutionSlot,
+                            genesis,
+                        )?;
+                        HistoricalAccountEvidence::from_response(
+                            address,
+                            slot,
+                            observation.provider,
+                            &raw,
+                        )
+                    };
+                ensure!(
+                    lookup_tables.len() == message.address_table_lookups.len(),
+                    "v0 lookup evidence count differs from native message"
+                );
                 let mut tables = Vec::new();
-                for (reference, descriptor) in lookup_tables.iter().zip(&message.address_table_lookups) {
-                    tables.push(read_account(reference, &descriptor.account_key.to_string())?);
+                for (reference, descriptor) in
+                    lookup_tables.iter().zip(&message.address_table_lookups)
+                {
+                    tables.push(read_account(
+                        reference,
+                        &descriptor.account_key.to_string(),
+                    )?);
                 }
-                let slot_hashes_evidence = slot_hashes.as_ref().map(|reference| read_account(reference, message::SLOT_HASHES_ID)).transpose()?;
-                let proven = message::validate_proof(&frozen, &tables, slot_hashes_evidence.as_ref(), claimed_proof)
-                    .map_err(|error| anyhow::anyhow!("v0 LUT proof stage {}: {}", error.stage, error.detail))?;
-                ensure!(proven.versioned_message() == VersionedMessage::V0(message.clone()),
-                    "resolved native message differs");
-                Ok(ResolvedMessage { message: proven.versioned_message(),
+                let slot_hashes_evidence = slot_hashes
+                    .as_ref()
+                    .map(|reference| read_account(reference, message::SLOT_HASHES_ID))
+                    .transpose()?;
+                let proven = message::validate_proof(
+                    &frozen,
+                    &tables,
+                    slot_hashes_evidence.as_ref(),
+                    claimed_proof,
+                )
+                .map_err(|error| {
+                    anyhow::anyhow!("v0 LUT proof stage {}: {}", error.stage, error.detail)
+                })?;
+                ensure!(
+                    proven.versioned_message() == VersionedMessage::V0(message.clone()),
+                    "resolved native message differs"
+                );
+                Ok(ResolvedMessage {
+                    message: proven.versioned_message(),
                     transaction: proven.transaction().clone(),
-                    account_keys: proven.proof().full_account_keys.iter().map(|k| k.address.clone()).collect() })
+                    account_keys: proven
+                        .proof()
+                        .full_account_keys
+                        .iter()
+                        .map(|k| k.address.clone())
+                        .collect(),
+                })
             }
         }
     }
Diff in /Users/thomas/Downloads/Upgrade Impact CI/engine/src/universal/model.rs:114:
 
 #[derive(Clone, Copy, Debug, PartialEq, Eq, Serialize, Deserialize)]
 #[serde(rename_all = "snake_case")]
-pub enum FidelityProfile { HistoricalReplayV1, CompleteExecutionV2 }
+pub enum FidelityProfile {
+    HistoricalReplayV1,
+    CompleteExecutionV2,
+}
 
 #[derive(Clone, Copy, Debug, PartialEq, Eq, Serialize, Deserialize)]
 #[serde(rename_all = "snake_case")]
Diff in /Users/thomas/Downloads/Upgrade Impact CI/engine/src/universal/model.rs:121:
-pub enum InstructionRole { SemanticTarget, TargetPrerequisite, ExecutionDependency, StandardCompanion }
+pub enum InstructionRole {
+    SemanticTarget,
+    TargetPrerequisite,
+    ExecutionDependency,
+    StandardCompanion,
+}
 
 #[derive(Clone, Debug, PartialEq, Eq, Serialize, Deserialize)]
 pub struct SemanticTarget {
Diff in /Users/thomas/Downloads/Upgrade Impact CI/engine/src/universal/model.rs:165:
     pub fn capability(&self) -> RuntimeCapability {
         if self.feature_profile != "LiteSVM 0.16.0 mainnet" {
             return RuntimeCapability::UnsupportedRuntimeFeature(format!(
-                "feature profile {}", self.feature_profile));
+                "feature profile {}",
+                self.feature_profile
+            ));
         }
         if self.instructions_rule != "runtime_generated_from_complete_message" {
             return RuntimeCapability::UnsupportedRuntimeFeature(format!(
Diff in /Users/thomas/Downloads/Upgrade Impact CI/engine/src/universal/model.rs:172:
-                "Instructions construction {}", self.instructions_rule));
+                "Instructions construction {}",
+                self.instructions_rule
+            ));
         }
         if self.signature_check || self.blockhash_check {
             return RuntimeCapability::UnsupportedRuntimeFeature(
Diff in /Users/thomas/Downloads/Upgrade Impact CI/engine/src/universal/model.rs:176:
-                "signature or blockhash verification policy".into());
+                "signature or blockhash verification policy".into(),
+            );
         }
         if self.slot_hashes_policy != "materiality_checked_default"
-            && self.slot_hashes_policy != "historical" {
+            && self.slot_hashes_policy != "historical"
+        {
             return RuntimeCapability::UnsupportedRuntimeFeature(format!(
-                "SlotHashes policy {}", self.slot_hashes_policy));
+                "SlotHashes policy {}",
+                self.slot_hashes_policy
+            ));
         }
         if self.provenance.is_empty() {
             return RuntimeCapability::InsufficientRuntimeEvidence("runtime provenance".into());
Diff in /Users/thomas/Downloads/Upgrade Impact CI/engine/src/universal/model.rs:185:
         }
-        for required in ["SysvarC1ock11111111111111111111111111111111",
+        for required in [
+            "SysvarC1ock11111111111111111111111111111111",
             "SysvarRent111111111111111111111111111111111",
-            "SysvarEpochSchedu1e111111111111111111111111"] {
+            "SysvarEpochSchedu1e111111111111111111111111",
+        ] {
             if !self.sysvars.iter().any(|seed| seed.address == required) {
                 return RuntimeCapability::InsufficientRuntimeEvidence(format!(
-                    "required historical sysvar {required}"));
+                    "required historical sysvar {required}"
+                ));
             }
         }
-        if self.slot_hashes_policy == "historical" && !self.sysvars.iter()
-            .any(|seed| seed.address == crate::message::SLOT_HASHES_ID) {
+        if self.slot_hashes_policy == "historical"
+            && !self
+                .sysvars
+                .iter()
+                .any(|seed| seed.address == crate::message::SLOT_HASHES_ID)
+        {
             return RuntimeCapability::InsufficientRuntimeEvidence(
-                "historical SlotHashes account".into());
+                "historical SlotHashes account".into(),
+            );
         }
         RuntimeCapability::SupportedByCurrentBackend
     }
Diff in /Users/thomas/Downloads/Upgrade Impact CI/engine/src/universal/model.rs:263:
     pub fn identity(&self) -> Result<String> {
         let mut copy = self.clone();
         copy.id.clear();
-        Ok(hash_bytes(&serde_json::to_vec(&("eplyx-replay-observation-v2", copy))?))
+        Ok(hash_bytes(&serde_json::to_vec(&(
+            "eplyx-replay-observation-v2",
+            copy,
+        ))?))
     }
 
     pub fn validate_identity(&self) -> Result<()> {
Diff in /Users/thomas/Downloads/Upgrade Impact CI/engine/src/universal/model.rs:270:
         ensure!(self.schema_version == 2, "wrong observation schema");
-        ensure!(self.fidelity_profile == FidelityProfile::CompleteExecutionV2,
-            "new observations require complete execution fidelity");
-        ensure!(!matches!(self.execution, ExecutionInput::LegacyV1Compatibility { .. }),
-            "legacy v0 flattening is restricted to historical V1 records");
+        ensure!(
+            self.fidelity_profile == FidelityProfile::CompleteExecutionV2,
+            "new observations require complete execution fidelity"
+        );
+        ensure!(
+            !matches!(self.execution, ExecutionInput::LegacyV1Compatibility { .. }),
+            "legacy v0 flattening is restricted to historical V1 records"
+        );
         ensure!(self.id == self.identity()?, "observation identity differs");
-        ensure!(self.target.program_id == self.program_id, "semantic target program differs");
+        ensure!(
+            self.target.program_id == self.program_id,
+            "semantic target program differs"
+        );
         let mut roles = self.instruction_roles.clone();
         roles.sort_by_key(|r| r.outer_index);
-        ensure!(roles.iter().enumerate().all(|(i, role)| role.outer_index == i),
-            "every outer instruction needs one ordered role");
-        ensure!(roles.get(self.target.outer_index).is_some_and(|r| r.role == InstructionRole::SemanticTarget),
-            "target outer index does not name a semantic target");
+        ensure!(
+            roles
+                .iter()
+                .enumerate()
+                .all(|(i, role)| role.outer_index == i),
+            "every outer instruction needs one ordered role"
+        );
+        ensure!(
+            roles
+                .get(self.target.outer_index)
+                .is_some_and(|r| r.role == InstructionRole::SemanticTarget),
+            "target outer index does not name a semantic target"
+        );
         Ok(())
     }
 }
Diff in /Users/thomas/Downloads/Upgrade Impact CI/engine/src/universal/pipeline.rs:3:
 
 use anyhow::{ensure, Context, Result};
 
+use super::{
+    execution::{
+        ExecutionBackend, ExecutionEvidence, ExecutionRequest, LiteSvmBackend, SlotHashesVariant,
+    },
+    fidelity::{compare_v2, FidelityResult},
+    model::ReplayObservationV2,
+    resolver::ResolvedReplayInput,
+};
 use crate::{replay::hash_bytes, types::AccountSnapshot};
-use super::{execution::{ExecutionBackend, ExecutionEvidence, ExecutionRequest, LiteSvmBackend,
-    SlotHashesVariant}, fidelity::{compare_v2, FidelityResult}, model::ReplayObservationV2,
-    resolver::ResolvedReplayInput};
 
-fn candidate_seeds(record: &ReplayObservationV2, resolved: &ResolvedReplayInput,
-    candidate: &[u8]) -> Result<BTreeMap<String, AccountSnapshot>> {
+fn candidate_seeds(
+    record: &ReplayObservationV2,
+    resolved: &ResolvedReplayInput,
+    candidate: &[u8],
+) -> Result<BTreeMap<String, AccountSnapshot>> {
     let mut seeds = resolved.seeds.clone();
-    let target = record.binaries.iter().find(|binary| binary.program_id == record.program_id)
+    let target = record
+        .binaries
+        .iter()
+        .find(|binary| binary.program_id == record.program_id)
         .context("target historical binary missing")?;
-    if candidate == resolved.baseline_elf { return Ok(seeds); }
-    let address = target.programdata_address.as_deref().unwrap_or(&target.program_id);
-    let account = seeds.get_mut(address).context("target loader account missing")?;
+    if candidate == resolved.baseline_elf {
+        return Ok(seeds);
+    }
+    let address = target
+        .programdata_address
+        .as_deref()
+        .unwrap_or(&target.program_id);
+    let account = seeds
+        .get_mut(address)
+        .context("target loader account missing")?;
     if target.programdata_address.is_some() {
-        ensure!(account.data.len() >= 45, "target ProgramData header truncated");
+        ensure!(
+            account.data.len() >= 45,
+            "target ProgramData header truncated"
+        );
         let capacity = account.data.len() - 45;
-        ensure!(candidate.len() <= capacity,
-            "unsupported_runtime_feature: candidate ELF exceeds historical ProgramData allocation");
+        ensure!(
+            candidate.len() <= capacity,
+            "unsupported_runtime_feature: candidate ELF exceeds historical ProgramData allocation"
+        );
         account.data[45..45 + candidate.len()].copy_from_slice(candidate);
         account.data[45 + candidate.len()..].fill(0);
     } else {
Diff in /Users/thomas/Downloads/Upgrade Impact CI/engine/src/universal/pipeline.rs:32:
     Ok(seeds)
 }
 
-pub fn execute(record: &ReplayObservationV2, resolved: &ResolvedReplayInput,
-    candidate: &[u8]) -> Result<ExecutionEvidence> {
+pub fn execute(
+    record: &ReplayObservationV2,
+    resolved: &ResolvedReplayInput,
+    candidate: &[u8],
+) -> Result<ExecutionEvidence> {
     let seeds = candidate_seeds(record, resolved, candidate)?;
-    let run = |variant| LiteSvmBackend.execute(&ExecutionRequest {
-        message: &resolved.message, seeds: &seeds,
-        absent_pre_accounts: &resolved.absent_pre_accounts, watched: &resolved.watched,
-        runtime_sysvars: &resolved.runtime_sysvars, clock: None, programs_to_load: &[],
-        signature_check: record.runtime.signature_check,
-        blockhash_check: record.runtime.blockhash_check, unlimited_logs: true,
-        slot_hashes: variant, require_complete_state: true,
-    });
+    let run = |variant| {
+        LiteSvmBackend.execute(&ExecutionRequest {
+            message: &resolved.message,
+            seeds: &seeds,
+            absent_pre_accounts: &resolved.absent_pre_accounts,
+            watched: &resolved.watched,
+            runtime_sysvars: &resolved.runtime_sysvars,
+            clock: None,
+            programs_to_load: &[],
+            signature_check: record.runtime.signature_check,
+            blockhash_check: record.runtime.blockhash_check,
+            unlimited_logs: true,
+            slot_hashes: variant,
+            require_complete_state: true,
+        })
+    };
     let default = run(SlotHashesVariant::BackendDefault)?;
     if record.runtime.slot_hashes_policy == "materiality_checked_default" {
         let empty = run(SlotHashesVariant::Empty)?;
Diff in /Users/thomas/Downloads/Upgrade Impact CI/engine/src/universal/pipeline.rs:49:
         let different = run(SlotHashesVariant::Different)?;
-        ensure!(default == empty && default == different,
-            "insufficient_runtime_evidence: SlotHashes variant changes execution");
+        ensure!(
+            default == empty && default == different,
+            "insufficient_runtime_evidence: SlotHashes variant changes execution"
+        );
     }
     Ok(default)
 }
Diff in /Users/thomas/Downloads/Upgrade Impact CI/engine/src/universal/pipeline.rs:55:
 
-pub fn baseline(record: &ReplayObservationV2, resolved: &ResolvedReplayInput) -> Result<(ExecutionEvidence, FidelityResult)> {
+pub fn baseline(
+    record: &ReplayObservationV2,
+    resolved: &ResolvedReplayInput,
+) -> Result<(ExecutionEvidence, FidelityResult)> {
     let result = execute(record, resolved, &resolved.baseline_elf)?;
     let fidelity = compare_v2(&record.expected, &resolved.expected_accounts, &result);
-    ensure!(fidelity.matched(), "baseline historical fidelity differs: {}", fidelity.failures.join(", "));
+    ensure!(
+        fidelity.matched(),
+        "baseline historical fidelity differs: {}",
+        fidelity.failures.join(", ")
+    );
     Ok((result, fidelity))
 }
 
Diff in /Users/thomas/Downloads/Upgrade Impact CI/engine/src/universal/resolver.rs:5:
 use base64::{prelude::BASE64_STANDARD, Engine};
 use serde_json::Value;
 
-use crate::{dependencies::{self, ProgramSource}, evidence::token::TokenProgram,
-    types::AccountSnapshot, versions::{ProgramLoader, LEGACY_BPF_LOADER_ID, UPGRADEABLE_LOADER_ID}};
-use super::{evidence::{AccountBoundary, AccountObservation, ChunkedAccountObservation,
-    EvidenceKind, EvidenceRef, EvidenceStore}, execution::{InnerGroup, InnerInstruction, ReturnData},
-    model::{AccountSeed, ExpectedAccountSource, ReplayObservationV2, ResolvedMessage,
-        RuntimeCapability}};
+use super::{
+    evidence::{
+        AccountBoundary, AccountObservation, ChunkedAccountObservation, EvidenceKind, EvidenceRef,
+        EvidenceStore,
+    },
+    execution::{InnerGroup, InnerInstruction, ReturnData},
+    model::{
+        AccountSeed, ExpectedAccountSource, ReplayObservationV2, ResolvedMessage, RuntimeCapability,
+    },
+};
+use crate::{
+    dependencies::{self, ProgramSource},
+    evidence::token::TokenProgram,
+    types::AccountSnapshot,
+    versions::{ProgramLoader, LEGACY_BPF_LOADER_ID, UPGRADEABLE_LOADER_ID},
+};
 
 pub struct ResolvedReplayInput {
     pub message: ResolvedMessage,
Diff in /Users/thomas/Downloads/Upgrade Impact CI/engine/src/universal/resolver.rs:22:
     pub baseline_elf: Vec<u8>,
 }
 
-fn resolve_account(store: &EvidenceStore, seed: &AccountSeed, slot: u64,
-    genesis: &str) -> Result<Option<AccountSnapshot>> {
+fn resolve_account(
+    store: &EvidenceStore,
+    seed: &AccountSeed,
+    slot: u64,
+    genesis: &str,
+) -> Result<Option<AccountSnapshot>> {
     match seed.observation.kind {
-        EvidenceKind::AccountObservation => AccountObservation::resolve(store, &seed.observation,
-            &seed.address, slot, seed.boundary, genesis),
+        EvidenceKind::AccountObservation => AccountObservation::resolve(
+            store,
+            &seed.observation,
+            &seed.address,
+            slot,
+            seed.boundary,
+            genesis,
+        ),
         EvidenceKind::ChunkedAccountObservation => {
-            ensure!(seed.boundary == AccountBoundary::BeforeTransaction,
-                "chunked observation can only seed predecessor-slot state");
-            Ok(Some(ChunkedAccountObservation::resolve(store, &seed.observation,
-                &seed.address, slot, genesis)?))
+            ensure!(
+                seed.boundary == AccountBoundary::BeforeTransaction,
+                "chunked observation can only seed predecessor-slot state"
+            );
+            Ok(Some(ChunkedAccountObservation::resolve(
+                store,
+                &seed.observation,
+                &seed.address,
+                slot,
+                genesis,
+            )?))
         }
         _ => anyhow::bail!("account seed reference has wrong evidence category"),
     }
Diff in /Users/thomas/Downloads/Upgrade Impact CI/engine/src/universal/resolver.rs:38:
 }
 
 fn validator_inner(meta: &Value) -> Result<Vec<InnerGroup>> {
-    meta["innerInstructions"].as_array().context("validator omitted CPI groups")?.iter().map(|group| {
-        Ok(InnerGroup { outer_index: group["index"].as_u64().context("CPI outer index")? as usize,
-            instructions: group["instructions"].as_array().context("CPI instructions")?.iter().map(|ix| {
-                Ok(InnerInstruction {
-                    program_id_index: u8::try_from(ix["programIdIndex"].as_u64().context("CPI program index")?)?,
-                    accounts: ix["accounts"].as_array().context("CPI accounts")?.iter()
-                        .map(|v| Ok(u8::try_from(v.as_u64().context("CPI account index")?)?))
-                        .collect::<Result<Vec<_>>>()?,
-                    data: bs58::decode(ix["data"].as_str().context("CPI instruction data")?).into_vec()?,
-                    stack_height: u8::try_from(ix["stackHeight"].as_u64().context("CPI stack height")?)?,
-                })
-            }).collect::<Result<Vec<_>>>()? })
-    }).collect()
+    meta["innerInstructions"]
+        .as_array()
+        .context("validator omitted CPI groups")?
+        .iter()
+        .map(|group| {
+            Ok(InnerGroup {
+                outer_index: group["index"].as_u64().context("CPI outer index")? as usize,
+                instructions: group["instructions"]
+                    .as_array()
+                    .context("CPI instructions")?
+                    .iter()
+                    .map(|ix| {
+                        Ok(InnerInstruction {
+                            program_id_index: u8::try_from(
+                                ix["programIdIndex"].as_u64().context("CPI program index")?,
+                            )?,
+                            accounts: ix["accounts"]
+                                .as_array()
+                                .context("CPI accounts")?
+                                .iter()
+                                .map(|v| {
+                                    Ok(u8::try_from(v.as_u64().context("CPI account index")?)?)
+                                })
+                                .collect::<Result<Vec<_>>>()?,
+                            data: bs58::decode(
+                                ix["data"].as_str().context("CPI instruction data")?,
+                            )
+                            .into_vec()?,
+                            stack_height: u8::try_from(
+                                ix["stackHeight"].as_u64().context("CPI stack height")?,
+                            )?,
+                        })
+                    })
+                    .collect::<Result<Vec<_>>>()?,
+            })
+        })
+        .collect()
 }
 
 fn verify_validator_outcome(record: &ReplayObservationV2, store: &EvidenceStore) -> Result<()> {
Diff in /Users/thomas/Downloads/Upgrade Impact CI/engine/src/universal/resolver.rs:57:
-    let frozen_transaction = record.execution.validator_transaction_ref()
+    let frozen_transaction = record
+        .execution
+        .validator_transaction_ref()
         .context("complete-profile observation requires a frozen validator transaction")?;
     let raw: Value = serde_json::from_slice(&store.get(frozen_transaction)?)?;
     let meta = &raw["meta"];
Diff in /Users/thomas/Downloads/Upgrade Impact CI/engine/src/universal/resolver.rs:61:
-    ensure!(record.expected.success == meta["err"].is_null()
-        && record.expected.fee == meta["fee"].as_u64().context("validator fee")?,
-        "historical outcome or fee differs from frozen validator result");
+    ensure!(
+        record.expected.success == meta["err"].is_null()
+            && record.expected.fee == meta["fee"].as_u64().context("validator fee")?,
+        "historical outcome or fee differs from frozen validator result"
+    );
     let error = (!meta["err"].is_null()).then(|| meta["err"].to_string());
-    ensure!(record.expected.error == error, "historical error differs from frozen validator result");
-    let logs = meta["logMessages"].as_array().context("validator logs")?.iter()
+    ensure!(
+        record.expected.error == error,
+        "historical error differs from frozen validator result"
+    );
+    let logs = meta["logMessages"]
+        .as_array()
+        .context("validator logs")?
+        .iter()
         .map(|v| v.as_str().context("validator log line").map(str::to_string))
         .collect::<Result<Vec<_>>>()?;
-    ensure!(record.expected.logs == logs, "historical logs differ from frozen validator result");
-    ensure!(record.expected.inner_instructions == validator_inner(meta)?,
-        "historical CPI groups differ from frozen validator result");
-    let return_data = if meta["returnData"].is_null() { None } else {
-        Some(ReturnData { program: meta["returnData"]["programId"].as_str().context("return program")?.into(),
-            data: BASE64_STANDARD.decode(meta["returnData"]["data"][0].as_str().context("return bytes")?)? })
+    ensure!(
+        record.expected.logs == logs,
+        "historical logs differ from frozen validator result"
+    );
+    ensure!(
+        record.expected.inner_instructions == validator_inner(meta)?,
+        "historical CPI groups differ from frozen validator result"
+    );
+    let return_data = if meta["returnData"].is_null() {
+        None
+    } else {
+        Some(ReturnData {
+            program: meta["returnData"]["programId"]
+                .as_str()
+                .context("return program")?
+                .into(),
+            data: BASE64_STANDARD.decode(
+                meta["returnData"]["data"][0]
+                    .as_str()
+                    .context("return bytes")?,
+            )?,
+        })
     };
-    ensure!(record.expected.return_data == return_data,
-        "historical return data differs from frozen validator result");
+    ensure!(
+        record.expected.return_data == return_data,
+        "historical return data differs from frozen validator result"
+    );
     Ok(())
 }
 
Diff in /Users/thomas/Downloads/Upgrade Impact CI/engine/src/universal/resolver.rs:81:
-fn verify_token_balances(message: &ResolvedMessage,
-    accounts: &BTreeMap<String, AccountSnapshot>, pre: bool) -> Result<()> {
-    let entries = if pre { &message.transaction.pre_token_balances }
-        else { &message.transaction.post_token_balances };
+fn verify_token_balances(
+    message: &ResolvedMessage,
+    accounts: &BTreeMap<String, AccountSnapshot>,
+    pre: bool,
+) -> Result<()> {
+    let entries = if pre {
+        &message.transaction.pre_token_balances
+    } else {
+        &message.transaction.post_token_balances
+    };
     for balance in entries.as_deref().unwrap_or(&[]) {
-        let address = &message.account_keys.get(balance.account_index)
+        let address = &message
+            .account_keys
+            .get(balance.account_index)
             .context("validator token balance index out of range")?;
-        let account = accounts.get(*address).with_context(|| format!("token account {address} missing"))?;
-        let program = TokenProgram::of(&account.owner).context("validator token balance has non-token owner")?;
-        ensure!(program.address() == balance.program_id, "token program owner differs from validator metadata");
-        ensure!(program.account_amount(&account.data) == Some(balance.amount)
-            && program.account_mint(&account.data).as_deref() == Some(balance.mint.as_str()),
-            "token account amount or mint differs from validator metadata");
+        let account = accounts
+            .get(*address)
+            .with_context(|| format!("token account {address} missing"))?;
+        let program = TokenProgram::of(&account.owner)
+            .context("validator token balance has non-token owner")?;
+        ensure!(
+            program.address() == balance.program_id,
+            "token program owner differs from validator metadata"
+        );
+        ensure!(
+            program.account_amount(&account.data) == Some(balance.amount)
+                && program.account_mint(&account.data).as_deref() == Some(balance.mint.as_str()),
+            "token account amount or mint differs from validator metadata"
+        );
     }
     Ok(())
 }
Diff in /Users/thomas/Downloads/Upgrade Impact CI/engine/src/universal/resolver.rs:97:
 
-fn verify_binary(record: &ReplayObservationV2, store: &EvidenceStore,
-    seeds: &BTreeMap<String, AccountSnapshot>, seed_refs: &BTreeMap<String, EvidenceRef>,
-    binary: &super::model::ProgramBinaryEvidence) -> Result<Vec<u8>> {
-    ensure!(binary.elf.kind == EvidenceKind::ProgramBinary,
-        "historical binary has wrong evidence category");
+fn verify_binary(
+    record: &ReplayObservationV2,
+    store: &EvidenceStore,
+    seeds: &BTreeMap<String, AccountSnapshot>,
+    seed_refs: &BTreeMap<String, EvidenceRef>,
+    binary: &super::model::ProgramBinaryEvidence,
+) -> Result<Vec<u8>> {
+    ensure!(
+        binary.elf.kind == EvidenceKind::ProgramBinary,
+        "historical binary has wrong evidence category"
+    );
     let elf = store.get(&binary.elf)?;
-    let executable = seeds.get(&binary.program_id).context("historical program header missing")?;
-    ensure!(seed_refs.get(&binary.program_id) == Some(&binary.executable_account)
-        && executable.owner == binary.loader && executable.executable,
-        "program header/loader identity differs");
-    let dependency = record.dependencies.get(&binary.program_id)
+    let executable = seeds
+        .get(&binary.program_id)
+        .context("historical program header missing")?;
+    ensure!(
+        seed_refs.get(&binary.program_id) == Some(&binary.executable_account)
+            && executable.owner == binary.loader
+            && executable.executable,
+        "program header/loader identity differs"
+    );
+    let dependency = record
+        .dependencies
+        .get(&binary.program_id)
         .context("historical binary missing dependency manifest entry")?;
-    ensure!(dependency.source == ProgramSource::HistoricalMainnet
-        && dependency.binary_sha256.as_deref() == Some(binary.elf.sha256.as_str())
-        && dependency.binary_len == Some(elf.len() as u64)
-        && dependency.observed_slot == record.slot.checked_sub(1),
-        "historical binary dependency identity differs");
-    match dependency.loader.context("historical binary loader missing")? {
+    ensure!(
+        dependency.source == ProgramSource::HistoricalMainnet
+            && dependency.binary_sha256.as_deref() == Some(binary.elf.sha256.as_str())
+            && dependency.binary_len == Some(elf.len() as u64)
+            && dependency.observed_slot == record.slot.checked_sub(1),
+        "historical binary dependency identity differs"
+    );
+    match dependency
+        .loader
+        .context("historical binary loader missing")?
+    {
         ProgramLoader::Legacy => {
-            ensure!(binary.loader == LEGACY_BPF_LOADER_ID && binary.programdata_address.is_none()
-                && binary.programdata_account.is_none() && binary.deployment_slot.is_none()
-                && executable.data == elf, "legacy loader ELF/account identity differs");
+            ensure!(
+                binary.loader == LEGACY_BPF_LOADER_ID
+                    && binary.programdata_address.is_none()
+                    && binary.programdata_account.is_none()
+                    && binary.deployment_slot.is_none()
+                    && executable.data == elf,
+                "legacy loader ELF/account identity differs"
+            );
         }
         ProgramLoader::Upgradeable => {
-            ensure!(binary.loader == UPGRADEABLE_LOADER_ID, "upgradeable loader identity differs");
-            let address = binary.programdata_address.as_ref().context("ProgramData address missing")?;
-            let source = binary.programdata_account.as_ref().context("ProgramData observation missing")?;
-            ensure!(seed_refs.get(address) == Some(source), "ProgramData observation identity differs");
+            ensure!(
+                binary.loader == UPGRADEABLE_LOADER_ID,
+                "upgradeable loader identity differs"
+            );
+            let address = binary
+                .programdata_address
+                .as_ref()
+                .context("ProgramData address missing")?;
+            let source = binary
+                .programdata_account
+                .as_ref()
+                .context("ProgramData observation missing")?;
+            ensure!(
+                seed_refs.get(address) == Some(source),
+                "ProgramData observation identity differs"
+            );
             let programdata = seeds.get(address).context("ProgramData seed missing")?;
             let key: solana_address::Address = address.parse()?;
-            ensure!(executable.data.get(4..36) == Some(key.as_ref())
-                && programdata.owner == binary.loader && !programdata.executable
-                && programdata.data.len() >= 45, "ProgramData linkage/loader differs");
+            ensure!(
+                executable.data.get(4..36) == Some(key.as_ref())
+                    && programdata.owner == binary.loader
+                    && !programdata.executable
+                    && programdata.data.len() >= 45,
+                "ProgramData linkage/loader differs"
+            );
             let deploy = u64::from_le_bytes(programdata.data[4..12].try_into()?);
-            ensure!(binary.deployment_slot == Some(deploy) && dependency.deployed_slot == Some(deploy)
-                && deploy < record.slot && programdata.data[45..] == elf,
-                "ProgramData deployment or complete ELF bytes differ");
-            let authority = if programdata.data[12] == 0 { None } else {
-                Some(solana_address::Address::new_from_array(programdata.data[13..45].try_into()?).to_string())
+            ensure!(
+                binary.deployment_slot == Some(deploy)
+                    && dependency.deployed_slot == Some(deploy)
+                    && deploy < record.slot
+                    && programdata.data[45..] == elf,
+                "ProgramData deployment or complete ELF bytes differ"
+            );
+            let authority = if programdata.data[12] == 0 {
+                None
+            } else {
+                Some(
+                    solana_address::Address::new_from_array(programdata.data[13..45].try_into()?)
+                        .to_string(),
+                )
             };
-            ensure!(binary.upgrade_authority == authority, "ProgramData upgrade authority differs");
+            ensure!(
+                binary.upgrade_authority == authority,
+                "ProgramData upgrade authority differs"
+            );
         }
     }
     Ok(elf)
Diff in /Users/thomas/Downloads/Upgrade Impact CI/engine/src/universal/resolver.rs:145:
     pub fn resolve(&self, store: &EvidenceStore) -> Result<ResolvedReplayInput> {
         self.validate_identity()?;
         let message = self.execution.resolve(store, &self.genesis_hash)?;
-        ensure!(message.transaction.signature == self.signature && message.transaction.slot == self.slot,
-            "observation transaction identity differs");
-        ensure!(self.instruction_roles.len() == message.transaction.instructions.len()
-            && self.target.outer_index < message.transaction.instructions.len()
-            && message.transaction.instructions[self.target.outer_index].program == self.program_id,
-            "semantic target or complete envelope differs");
-        ensure!(self.instruction_roles.iter().filter(|r| r.role == super::model::InstructionRole::SemanticTarget).count() == 1,
-            "this observation requires one explicit semantic target");
+        ensure!(
+            message.transaction.signature == self.signature
+                && message.transaction.slot == self.slot,
+            "observation transaction identity differs"
+        );
+        ensure!(
+            self.instruction_roles.len() == message.transaction.instructions.len()
+                && self.target.outer_index < message.transaction.instructions.len()
+                && message.transaction.instructions[self.target.outer_index].program
+                    == self.program_id,
+            "semantic target or complete envelope differs"
+        );
+        ensure!(
+            self.instruction_roles
+                .iter()
+                .filter(|r| r.role == super::model::InstructionRole::SemanticTarget)
+                .count()
+                == 1,
+            "this observation requires one explicit semantic target"
+        );
         verify_validator_outcome(self, store)?;
         match self.runtime.capability() {
             RuntimeCapability::SupportedByCurrentBackend => {}
Diff in /Users/thomas/Downloads/Upgrade Impact CI/engine/src/universal/resolver.rs:168:
         for seed in &self.account_seeds {
             let account = resolve_account(store, seed, self.slot, &self.genesis_hash)?
                 .context("present account seed is absent")?;
-            ensure!(seeds.insert(seed.address.clone(), account).is_none()
-                && seed_refs.insert(seed.address.clone(), seed.observation.clone()).is_none(),
-                "duplicate account seed");
+            ensure!(
+                seeds.insert(seed.address.clone(), account).is_none()
+                    && seed_refs
+                        .insert(seed.address.clone(), seed.observation.clone())
+                        .is_none(),
+                "duplicate account seed"
+            );
         }
         let mut runtime_sysvars = BTreeMap::new();
         for seed in &self.runtime.sysvars {
Diff in /Users/thomas/Downloads/Upgrade Impact CI/engine/src/universal/resolver.rs:177:
-            ensure!(seed.boundary == AccountBoundary::EndOfExecutionSlot,
-                "runtime sysvar requires execution-slot context");
+            ensure!(
+                seed.boundary == AccountBoundary::EndOfExecutionSlot,
+                "runtime sysvar requires execution-slot context"
+            );
             let account = resolve_account(store, seed, self.slot, &self.genesis_hash)?
                 .context("runtime sysvar absent")?;
-            ensure!(runtime_sysvars.insert(seed.address.clone(), account.clone()).is_none()
-                && seeds.insert(seed.address.clone(), account).is_none()
-                && seed_refs.insert(seed.address.clone(), seed.observation.clone()).is_none(),
-                "duplicate runtime account");
+            ensure!(
+                runtime_sysvars
+                    .insert(seed.address.clone(), account.clone())
+                    .is_none()
+                    && seeds.insert(seed.address.clone(), account).is_none()
+                    && seed_refs
+                        .insert(seed.address.clone(), seed.observation.clone())
+                        .is_none(),
+                "duplicate runtime account"
+            );
         }
-        for required in ["SysvarC1ock11111111111111111111111111111111",
+        for required in [
+            "SysvarC1ock11111111111111111111111111111111",
             "SysvarRent111111111111111111111111111111111",
-            "SysvarEpochSchedu1e111111111111111111111111"] {
-            ensure!(runtime_sysvars.contains_key(required), "insufficient_runtime_evidence: required historical sysvar {required}");
+            "SysvarEpochSchedu1e111111111111111111111111",
+        ] {
+            ensure!(
+                runtime_sysvars.contains_key(required),
+                "insufficient_runtime_evidence: required historical sysvar {required}"
+            );
         }
         let mut absent = BTreeSet::new();
         for seed in &self.absent_pre_accounts {
Diff in /Users/thomas/Downloads/Upgrade Impact CI/engine/src/universal/resolver.rs:193:
-            ensure!(seed.boundary == AccountBoundary::BeforeTransaction
-                && resolve_account(store, seed, self.slot, &self.genesis_hash)?.is_none()
-                && absent.insert(seed.address.clone()), "absence evidence differs");
+            ensure!(
+                seed.boundary == AccountBoundary::BeforeTransaction
+                    && resolve_account(store, seed, self.slot, &self.genesis_hash)?.is_none()
+                    && absent.insert(seed.address.clone()),
+                "absence evidence differs"
+            );
         }
-        ensure!(message.account_keys.iter().all(|key| seeds.contains_key(key)
-            || absent.contains(key) || key == "Sysvar1nstructions1111111111111111111111111"),
-            "required message account has no seed or absence evidence");
+        ensure!(
+            message
+                .account_keys
+                .iter()
+                .all(|key| seeds.contains_key(key)
+                    || absent.contains(key)
+                    || key == "Sysvar1nstructions1111111111111111111111111"),
+            "required message account has no seed or absence evidence"
+        );
         if let Some(balances) = &message.transaction.pre_balances {
-            ensure!(balances.len() == message.account_keys.len(), "validator pre-balance vector length differs");
+            ensure!(
+                balances.len() == message.account_keys.len(),
+                "validator pre-balance vector length differs"
+            );
             for (key, balance) in message.account_keys.iter().zip(balances) {
-                if key == "Sysvar1nstructions1111111111111111111111111" { continue; }
-                ensure!(seeds.get(key).map(|a| a.lamports).unwrap_or(0) == *balance,
-                    "historical account seed contradicts validator pre-balance: {key}");
+                if key == "Sysvar1nstructions1111111111111111111111111" {
+                    continue;
+                }
+                ensure!(
+                    seeds.get(key).map(|a| a.lamports).unwrap_or(0) == *balance,
+                    "historical account seed contradicts validator pre-balance: {key}"
+                );
             }
-        } else { anyhow::bail!("validator pre-balance evidence missing"); }
+        } else {
+            anyhow::bail!("validator pre-balance evidence missing");
+        }
         verify_token_balances(&message, &seeds, true)?;
         let mut discovered = dependencies::discover(&message.transaction, None, &self.program_id)
-            .into_iter().map(|(id, _)| id).collect::<BTreeSet<_>>();
-        let manifest_ids = self.dependencies.programs.iter().map(|p| p.program_id.clone()).collect::<BTreeSet<_>>();
-        ensure!(discovered == manifest_ids, "execution dependency set differs from transaction evidence");
+            .into_iter()
+            .map(|(id, _)| id)
+            .collect::<BTreeSet<_>>();
+        let manifest_ids = self
+            .dependencies
+            .programs
+            .iter()
+            .map(|p| p.program_id.clone())
+            .collect::<BTreeSet<_>>();
+        ensure!(
+            discovered == manifest_ids,
+            "execution dependency set differs from transaction evidence"
+        );
         discovered.clear();
         let mut baseline_elf = None;
         let mut binary_ids = BTreeSet::new();
Diff in /Users/thomas/Downloads/Upgrade Impact CI/engine/src/universal/resolver.rs:216:
         for binary in &self.binaries {
-            ensure!(binary_ids.insert(binary.program_id.clone()), "duplicate historical binary");
+            ensure!(
+                binary_ids.insert(binary.program_id.clone()),
+                "duplicate historical binary"
+            );
             let elf = verify_binary(self, store, &seeds, &seed_refs, binary)?;
-            if binary.program_id == self.program_id { baseline_elf = Some(elf); }
+            if binary.program_id == self.program_id {
+                baseline_elf = Some(elf);
+            }
         }
         for dependency in &self.dependencies.programs {
-            ensure!(dependency.observed_slot == self.slot.checked_sub(1),
-                "dependency observed at wrong historical slot");
+            ensure!(
+                dependency.observed_slot == self.slot.checked_sub(1),
+                "dependency observed at wrong historical slot"
+            );
             match dependency.source {
-                ProgramSource::HistoricalMainnet => ensure!(binary_ids.contains(&dependency.program_id), "required historical binary missing"),
+                ProgramSource::HistoricalMainnet => ensure!(
+                    binary_ids.contains(&dependency.program_id),
+                    "required historical binary missing"
+                ),
                 ProgramSource::Builtin => {
-                    let account = seeds.get(&dependency.program_id).context("native program account missing")?;
-                    ensure!(account.owner == crate::versions::NATIVE_LOADER_ID && account.executable,
-                        "builtin program identity differs");
+                    let account = seeds
+                        .get(&dependency.program_id)
+                        .context("native program account missing")?;
+                    ensure!(
+                        account.owner == crate::versions::NATIVE_LOADER_ID && account.executable,
+                        "builtin program identity differs"
+                    );
                 }
                 _ => anyhow::bail!("unsupported_runtime_feature: dependency source"),
             }
Diff in /Users/thomas/Downloads/Upgrade Impact CI/engine/src/universal/resolver.rs:237:
         let mut post_present = BTreeMap::new();
         for watched_account in &self.expected.watched_accounts {
             let address = &watched_account.address;
-            ensure!(!expected_accounts.contains_key(address), "duplicate watched account");
+            ensure!(
+                !expected_accounts.contains_key(address),
+                "duplicate watched account"
+            );
             let source = match &watched_account.source {
                 ExpectedAccountSource::Archived(reference) => {
-                    let seed = AccountSeed { address: address.clone(), boundary: AccountBoundary::EndOfExecutionSlot,
-                        observation: reference.clone() };
+                    let seed = AccountSeed {
+                        address: address.clone(),
+                        boundary: AccountBoundary::EndOfExecutionSlot,
+                        observation: reference.clone(),
+                    };
                     resolve_account(store, &seed, self.slot, &self.genesis_hash)?
                 }
                 ExpectedAccountSource::PreRetained(reference) => {
Diff in /Users/thomas/Downloads/Upgrade Impact CI/engine/src/universal/resolver.rs:248:
-                    ensure!(seed_refs.get(address) == Some(reference), "retained pre-state reference differs");
-                    Some(seeds.get(address).context("retained pre-state account missing")?.clone())
+                    ensure!(
+                        seed_refs.get(address) == Some(reference),
+                        "retained pre-state reference differs"
+                    );
+                    Some(
+                        seeds
+                            .get(address)
+                            .context("retained pre-state account missing")?
+                            .clone(),
+                    )
                 }
             };
-            let content = watched_account.expected_post_content.as_ref().map(|reference| {
-                ensure!(reference.kind == EvidenceKind::AccountContent, "expected account content category differs");
-                serde_json::from_slice::<AccountSnapshot>(&store.get(reference)?).map_err(Into::into)
-            }).transpose()?;
-            ensure!(source == content, "expected post-state content differs from historical source");
-            let index = message.account_keys.iter().position(|key| key == address)
+            let content = watched_account
+                .expected_post_content
+                .as_ref()
+                .map(|reference| {
+                    ensure!(
+                        reference.kind == EvidenceKind::AccountContent,
+                        "expected account content category differs"
+                    );
+                    serde_json::from_slice::<AccountSnapshot>(&store.get(reference)?)
+                        .map_err(Into::into)
+                })
+                .transpose()?;
+            ensure!(
+                source == content,
+                "expected post-state content differs from historical source"
+            );
+            let index = message
+                .account_keys
+                .iter()
+                .position(|key| key == address)
                 .context("watched account not in message")?;
-            let post_balance = message.transaction.post_balances.as_ref()
-                .and_then(|values| values.get(index)).context("validator post-balance missing")?;
-            ensure!(content.as_ref().map(|a| a.lamports).unwrap_or(0) == *post_balance,
-                "expected watched account contradicts validator post-balance");
-            if let Some(account) = &content { post_present.insert(address.clone(), account.clone()); }
+            let post_balance = message
+                .transaction
+                .post_balances
+                .as_ref()
+                .and_then(|values| values.get(index))
+                .context("validator post-balance missing")?;
+            ensure!(
+                content.as_ref().map(|a| a.lamports).unwrap_or(0) == *post_balance,
+                "expected watched account contradicts validator post-balance"
+            );
+            if let Some(account) = &content {
+                post_present.insert(address.clone(), account.clone());
+            }
             expected_accounts.insert(address.clone(), content);
             watched.push(address.clone());
         }
Diff in /Users/thomas/Downloads/Upgrade Impact CI/engine/src/universal/resolver.rs:267:
         verify_token_balances(&message, &post_present, false)?;
-        ensure!(self.expected.watched_accounts.len() == message.account_keys.iter()
-            .filter(|k| *k != "Sysvar1nstructions1111111111111111111111111").count(),
-            "complete watched account vector required");
-        Ok(ResolvedReplayInput { message, seeds, runtime_sysvars,
-            absent_pre_accounts: absent.into_iter().collect(), watched, expected_accounts,
-            baseline_elf })
+        ensure!(
+            self.expected.watched_accounts.len()
+                == message
+                    .account_keys
+                    .iter()
+                    .filter(|k| *k != "Sysvar1nstructions1111111111111111111111111")
+                    .count(),
+            "complete watched account vector required"
+        );
+        Ok(ResolvedReplayInput {
+            message,
+            seeds,
+            runtime_sysvars,
+            absent_pre_accounts: absent.into_iter().collect(),
+            watched,
+            expected_accounts,
+            baseline_elf,
+        })
     }
 }
 
Diff in /Users/thomas/Downloads/Upgrade Impact CI/engine/src/main.rs:1063:
         } => {
             let store = eplyx_engine::corpus_store::CorpusStore::open(&corpus)?;
             let records = store.load_v2()?;
-            for record in &records { store.insert_v2(record)?; }
+            for record in &records {
+                store.insert_v2(record)?;
+            }
             let manifest = store.publish_v2()?;
-            println!("published {} schema-2 observations: {}", manifest.record_count, manifest.canonical_hash);
+            println!(
+                "published {} schema-2 observations: {}",
+                manifest.record_count, manifest.canonical_hash
+            );
             Ok(ExitCode::SUCCESS)
         }
         Command::Ci {
Diff in /Users/thomas/Downloads/Upgrade Impact CI/engine/src/main.rs:1705:
 fn bundle_build(args: BundleBuildArgs) -> Result<ExitCode> {
     use eplyx_engine::bundle;
 
-    let corpus_manifest: serde_json::Value = serde_json::from_slice(&std::fs::read(args.corpus.join("manifest.json"))?)?;
+    let corpus_manifest: serde_json::Value =
+        serde_json::from_slice(&std::fs::read(args.corpus.join("manifest.json"))?)?;
     if corpus_manifest["schema_version"] == 2 {
-        anyhow::ensure!(args.target_size.is_none(), "schema-2 bundle selection is not implemented; bundle the complete reviewed corpus");
-        let built = eplyx_engine::universal::bundle::build(&args.corpus, &args.baseline, &args.out)?;
+        anyhow::ensure!(
+            args.target_size.is_none(),
+            "schema-2 bundle selection is not implemented; bundle the complete reviewed corpus"
+        );
+        let built =
+            eplyx_engine::universal::bundle::build(&args.corpus, &args.baseline, &args.out)?;
         println!("EPLYX CI BUNDLE\n===============\n\nprogram: {}\nrecords: {}\nbundle sha256: {}\n\nwrote {}",
             built.manifest.program_id, built.manifest.record_count, built.manifest.bundle_sha256, args.out.display());
         return Ok(ExitCode::SUCCESS);
Diff in /Users/thomas/Downloads/Upgrade Impact CI/engine/src/main.rs:1780:
 
 /// Re-hash every byte a bundle pins.
 fn bundle_verify(args: BundleVerifyArgs) -> Result<ExitCode> {
-    let manifest: serde_json::Value = serde_json::from_slice(&std::fs::read(args.bundle.join("bundle.json"))?)?;
+    let manifest: serde_json::Value =
+        serde_json::from_slice(&std::fs::read(args.bundle.join("bundle.json"))?)?;
     if manifest["schema_version"] == 2 {
         let bundle = eplyx_engine::universal::bundle::UniversalBundle::open(&args.bundle)?;
         match args.format {
Diff in /Users/thomas/Downloads/Upgrade Impact CI/engine/tests/historical_lut.rs:8:
     ingest::rpc::RpcProvider,
     message::{self, ArchiveProvenance, FrozenV0, HistoricalAccountEvidence, HistoricalVisibility},
     replay::hash_bytes,
-    universal::{evidence::{AccountBoundary, AccountObservation, EvidenceKind, EvidenceStore}, model::ExecutionInput},
+    universal::{
+        evidence::{AccountBoundary, AccountObservation, EvidenceKind, EvidenceStore},
+        model::ExecutionInput,
+    },
 };
 use serde_json::{json, Value};
 use solana_address::Address;
Diff in /Users/thomas/Downloads/Upgrade Impact CI/engine/tests/historical_lut.rs:79:
     let proven = prove(&raw, &tables).expect("historical lookup proof");
     let scratch = tempfile::tempdir().unwrap();
     let store = EvidenceStore::at(scratch.path());
-    let frozen_transaction = store.put(EvidenceKind::Transaction, &serde_json::to_vec(&raw).unwrap()).unwrap();
-    let lookup_tables = tables.iter().map(|table| {
-        let bytes = BASE64_STANDARD.decode(&table.raw_response_base64).unwrap();
-        AccountObservation::capture(&store, &table.pubkey, SLOT,
-            AccountBoundary::EndOfExecutionSlot, table.provider.clone(), &bytes).unwrap()
-    }).collect::<Vec<_>>();
-    let input = ExecutionInput::V0 { message: proven.proof().native_v0_message.clone(),
-        frozen_transaction, lookup_tables: lookup_tables.clone(), slot_hashes: None,
-        claimed_proof: proven.proof().clone() };
-    let resolved = input.resolve(&store, GENESIS).expect("reconstruct complete native v0 key space");
+    let frozen_transaction = store
+        .put(
+            EvidenceKind::Transaction,
+            &serde_json::to_vec(&raw).unwrap(),
+        )
+        .unwrap();
+    let lookup_tables = tables
+        .iter()
+        .map(|table| {
+            let bytes = BASE64_STANDARD.decode(&table.raw_response_base64).unwrap();
+            AccountObservation::capture(
+                &store,
+                &table.pubkey,
+                SLOT,
+                AccountBoundary::EndOfExecutionSlot,
+                table.provider.clone(),
+                &bytes,
+            )
+            .unwrap()
+        })
+        .collect::<Vec<_>>();
+    let input = ExecutionInput::V0 {
+        message: proven.proof().native_v0_message.clone(),
+        frozen_transaction,
+        lookup_tables: lookup_tables.clone(),
+        slot_hashes: None,
+        claimed_proof: proven.proof().clone(),
+    };
+    let resolved = input
+        .resolve(&store, GENESIS)
+        .expect("reconstruct complete native v0 key space");
     assert_eq!(resolved.message, proven.versioned_message());
-    assert_eq!(resolved.account_keys.len(), proven.proof().full_account_keys.len());
-    assert_eq!(resolved.transaction.instructions, proven.transaction().instructions);
+    assert_eq!(
+        resolved.account_keys.len(),
+        proven.proof().full_account_keys.len()
+    );
+    assert_eq!(
+        resolved.transaction.instructions,
+        proven.transaction().instructions
+    );
     let mut forged = input.clone();
     if let ExecutionInput::V0 { claimed_proof, .. } = &mut forged {
         claimed_proof.resolved_writable[0] = key(99).parse().unwrap();
Diff in /Users/thomas/Downloads/Upgrade Impact CI/engine/tests/historical_lut.rs:98:
     }
-    assert!(forged.resolve(&store, GENESIS).is_err(), "stored loaded addresses cannot authorize replay");
-    assert!(input.resolve(&store, &key(98)).is_err(), "wrong genesis cannot reuse evidence");
+    assert!(
+        forged.resolve(&store, GENESIS).is_err(),
+        "stored loaded addresses cannot authorize replay"
+    );
+    assert!(
+        input.resolve(&store, &key(98)).is_err(),
+        "wrong genesis cannot reuse evidence"
+    );
     let path = store.path(&lookup_tables[0]).unwrap();
     std::fs::write(&path, b"tampered").unwrap();
-    assert!(input.resolve(&store, GENESIS).is_err(), "tampered shared evidence must fail closed");
+    assert!(
+        input.resolve(&store, GENESIS).is_err(),
+        "tampered shared evidence must fail closed"
+    );
 }
 fn replace_table(tables: &mut [HistoricalAccountEvidence], pos: usize, meta: LookupTableMeta) {
     let old = &tables[pos];
Diff in /Users/thomas/Downloads/Upgrade Impact CI/engine/tests/universal_mutations.rs:1:
 use std::{fs, path::PathBuf};
 
-use eplyx_engine::{evidence::token::TokenProgram, replay::ReplayRecord,
-    universal::{evidence::{AccountBoundary, AccountObservation, EvidenceKind, EvidenceStore},
-        fidelity::compare_v2, model::{ExecutionInput, FidelityProfile, InstructionRole,
-            ReplayObservationV2, RuntimeCapability}, pipeline}};
+use eplyx_engine::{
+    evidence::token::TokenProgram,
+    replay::ReplayRecord,
+    universal::{
+        evidence::{AccountBoundary, AccountObservation, EvidenceKind, EvidenceStore},
+        fidelity::compare_v2,
+        model::{
+            ExecutionInput, FidelityProfile, InstructionRole, ReplayObservationV2,
+            RuntimeCapability,
+        },
+        pipeline,
+    },
+};
 
 fn fixture() -> (ReplayObservationV2, EvidenceStore) {
     let root = PathBuf::from(env!("CARGO_MANIFEST_DIR")).join("../docs/examples/phase-u4-kamino");
Diff in /Users/thomas/Downloads/Upgrade Impact CI/engine/tests/universal_mutations.rs:10:
-    let record = serde_json::from_slice(&fs::read(root.join(
-        "records/e56202c8fdcd443d1deba455ab04f2bc6f16689f83a7c107bb98765ec2da626f.json"))
-        .expect("T1 record bytes")).expect("V2 record");
+    let record =
+        serde_json::from_slice(
+            &fs::read(root.join(
+                "records/e56202c8fdcd443d1deba455ab04f2bc6f16689f83a7c107bb98765ec2da626f.json",
+            ))
+            .expect("T1 record bytes"),
+        )
+        .expect("V2 record");
     (record, EvidenceStore::at(root.join("evidence")))
 }
 
Diff in /Users/thomas/Downloads/Upgrade Impact CI/engine/tests/universal_mutations.rs:16:
-fn reidentify(record: &mut ReplayObservationV2) { record.id = record.identity().unwrap(); }
+fn reidentify(record: &mut ReplayObservationV2) {
+    record.id = record.identity().unwrap();
+}
 
 fn must_reject(name: &str, result: anyhow::Result<impl Sized>) {
     assert!(result.is_err(), "mutation {name} was accepted");
Diff in /Users/thomas/Downloads/Upgrade Impact CI/engine/tests/universal_mutations.rs:22:
 #[test]
 fn historical_identity_and_evidence_mutations_fail_closed() {
     let (record, store) = fixture();
-    let resolved = record.resolve(&store).expect("control observation resolves");
-    let (mut execution, fidelity) = pipeline::baseline(&record, &resolved)
-        .expect("control historical fidelity");
+    let resolved = record
+        .resolve(&store)
+        .expect("control observation resolves");
+    let (mut execution, fidelity) =
+        pipeline::baseline(&record, &resolved).expect("control historical fidelity");
     assert!(fidelity.matched(), "control must match before mutation");
 
     // 1: A serialized loaded-key claim is never authority over the LUT proof.
Diff in /Users/thomas/Downloads/Upgrade Impact CI/engine/tests/universal_mutations.rs:31:
     let mut forged = record.clone();
-    let ExecutionInput::V0 { claimed_proof, .. } = &mut forged.execution else { panic!("native v0 required") };
+    let ExecutionInput::V0 { claimed_proof, .. } = &mut forged.execution else {
+        panic!("native v0 required")
+    };
     claimed_proof.full_account_keys.last_mut().unwrap().address =
         "11111111111111111111111111111111".into();
     reidentify(&mut forged);
Diff in /Users/thomas/Downloads/Upgrade Impact CI/engine/tests/universal_mutations.rs:36:
     must_reject("forged_v0_loaded_address", forged.resolve(&store));
 
     // 2, 16, 17: Temporal boundary, address and current-state substitution.
-    let seed = record.account_seeds.iter().find(|s| s.observation.kind == EvidenceKind::AccountObservation)
+    let seed = record
+        .account_seeds
+        .iter()
+        .find(|s| s.observation.kind == EvidenceKind::AccountObservation)
         .expect("regular account observation");
-    must_reject("wrong_historical_boundary", AccountObservation::resolve(&store,
-        &seed.observation, &seed.address, record.slot, AccountBoundary::EndOfExecutionSlot,
-        &record.genesis_hash));
-    must_reject("same_bytes_wrong_address", AccountObservation::resolve(&store,
-        &seed.observation, "11111111111111111111111111111111", record.slot,
-        AccountBoundary::BeforeTransaction, &record.genesis_hash));
-    must_reject("current_state_instead_of_historical", AccountObservation::resolve(&store,
-        &seed.observation, &seed.address, record.slot + 1,
-        AccountBoundary::BeforeTransaction, &record.genesis_hash));
+    must_reject(
+        "wrong_historical_boundary",
+        AccountObservation::resolve(
+            &store,
+            &seed.observation,
+            &seed.address,
+            record.slot,
+            AccountBoundary::EndOfExecutionSlot,
+            &record.genesis_hash,
+        ),
+    );
+    must_reject(
+        "same_bytes_wrong_address",
+        AccountObservation::resolve(
+            &store,
+            &seed.observation,
+            "11111111111111111111111111111111",
+            record.slot,
+            AccountBoundary::BeforeTransaction,
+            &record.genesis_hash,
+        ),
+    );
+    must_reject(
+        "current_state_instead_of_historical",
+        AccountObservation::resolve(
+            &store,
+            &seed.observation,
+            &seed.address,
+            record.slot + 1,
+            AccountBoundary::BeforeTransaction,
+            &record.genesis_hash,
+        ),
+    );
 
     // 3: ProgramData is bound to its actual deployment identity.
     let mut deployment = record.clone();
Diff in /Users/thomas/Downloads/Upgrade Impact CI/engine/tests/universal_mutations.rs:53:
-    let binary = deployment.binaries.iter_mut().find(|b| b.program_id == record.program_id).unwrap();
+    let binary = deployment
+        .binaries
+        .iter_mut()
+        .find(|b| b.program_id == record.program_id)
+        .unwrap();
     binary.deployment_slot = binary.deployment_slot.map(|slot| slot + 1);
     reidentify(&mut deployment);
     must_reject("wrong_programdata_deployment", deployment.resolve(&store));
Diff in /Users/thomas/Downloads/Upgrade Impact CI/engine/tests/universal_mutations.rs:59:
     let mut absent_object = record.clone();
     absent_object.account_seeds[0].observation.sha256 = "0".repeat(64);
     reidentify(&mut absent_object);
-    must_reject("record_references_missing_cas_object", absent_object.resolve(&store));
-    let scratch = std::env::temp_dir().join(format!("eplyx-u4-cas-mutation-{}", std::process::id()));
+    must_reject(
+        "record_references_missing_cas_object",
+        absent_object.resolve(&store),
+    );
+    let scratch =
+        std::env::temp_dir().join(format!("eplyx-u4-cas-mutation-{}", std::process::id()));
     let _ = fs::remove_dir_all(&scratch);
     let isolated = EvidenceStore::at(&scratch);
     let original = store.get(&seed.observation).unwrap();
Diff in /Users/thomas/Downloads/Upgrade Impact CI/engine/tests/universal_mutations.rs:69:
     let mut changed = original;
     changed[0] ^= 1;
     fs::write(path, changed).unwrap();
-    must_reject("evidence_content_hash_ignored", isolated.get(&seed.observation));
+    must_reject(
+        "evidence_content_hash_ignored",
+        isolated.get(&seed.observation),
+    );
     fs::remove_dir_all(&scratch).unwrap();
 
     // 5: Runtime treatment is part of the observation's stable identity.
Diff in /Users/thomas/Downloads/Upgrade Impact CI/engine/tests/universal_mutations.rs:76:
     let mut runtime = record.clone();
     runtime.runtime.provenance.push_str("/forged");
-    must_reject("runtime_context_removed_from_identity", runtime.validate_identity());
+    must_reject(
+        "runtime_context_removed_from_identity",
+        runtime.validate_identity(),
+    );
 
     // 6 and 12: V2 refuses legacy-flattened v0 and the weaker V1 profile.
     let mut flattened = record.clone();
Diff in /Users/thomas/Downloads/Upgrade Impact CI/engine/tests/universal_mutations.rs:88:
     let mut wrong_profile = record.clone();
     wrong_profile.fidelity_profile = FidelityProfile::HistoricalReplayV1;
     reidentify(&mut wrong_profile);
-    must_reject("v2_forced_through_v1_fidelity", wrong_profile.validate_identity());
+    must_reject(
+        "v2_forced_through_v1_fidelity",
+        wrong_profile.validate_identity(),
+    );
     let old = include_str!("../../docs/examples/mainnet-stake-pool-record.json");
-    assert!(serde_json::from_str::<ReplayRecord>(old).is_ok(), "V1 record must remain readable");
-    assert!(serde_json::from_str::<ReplayObservationV2>(old).is_err(),
-        "V1 Stake Pool evidence cannot be silently upgraded to the V2 profile");
+    assert!(
+        serde_json::from_str::<ReplayRecord>(old).is_ok(),
+        "V1 record must remain readable"
+    );
+    assert!(
+        serde_json::from_str::<ReplayObservationV2>(old).is_err(),
+        "V1 Stake Pool evidence cannot be silently upgraded to the V2 profile"
+    );
 
     // 7 and 8: Dependencies remain mandatory execution, never a second target.
     let mut dropped = record.clone();
Diff in /Users/thomas/Downloads/Upgrade Impact CI/engine/tests/universal_mutations.rs:99:
-    dropped.dependencies.programs.retain(|p| p.program_id !=
-        "HFn8GnPADiny6XqUoWE8uRPPxb29ikn4yTuPa9MF2fWJ");
+    dropped
+        .dependencies
+        .programs
+        .retain(|p| p.program_id != "HFn8GnPADiny6XqUoWE8uRPPxb29ikn4yTuPa9MF2fWJ");
     reidentify(&mut dropped);
     must_reject("scope_dependency_dropped", dropped.resolve(&store));
     let mut promoted = record.clone();
Diff in /Users/thomas/Downloads/Upgrade Impact CI/engine/tests/universal_mutations.rs:104:
-    promoted.instruction_roles.iter_mut().find(|r| r.role == InstructionRole::ExecutionDependency)
-        .expect("execution dependency role").role = InstructionRole::SemanticTarget;
+    promoted
+        .instruction_roles
+        .iter_mut()
+        .find(|r| r.role == InstructionRole::ExecutionDependency)
+        .expect("execution dependency role")
+        .role = InstructionRole::SemanticTarget;
     reidentify(&mut promoted);
-    must_reject("dependency_promoted_to_second_semantic_target", promoted.resolve(&store));
+    must_reject(
+        "dependency_promoted_to_second_semantic_target",
+        promoted.resolve(&store),
+    );
 
     // 9: A changed historical expectation halts the pipeline before adapters.
     let mut bad_history = record.clone();
Diff in /Users/thomas/Downloads/Upgrade Impact CI/engine/tests/universal_mutations.rs:111:
-    bad_history.expected.logs.push("forged historical log".into());
+    bad_history
+        .expected
+        .logs
+        .push("forged historical log".into());
     reidentify(&mut bad_history);
-    must_reject("semantic_adapter_before_fidelity", pipeline::baseline(&bad_history, &resolved));
+    must_reject(
+        "semantic_adapter_before_fidelity",
+        pipeline::baseline(&bad_history, &resolved),
+    );
 
     // 10 and 11: Raw bytes are compared even when account metadata is equal.
-    let address = execution.post_accounts.iter().find(|(_, account)| account.as_ref()
-        .is_some_and(|a| a.data.len() > 4)).unwrap().0.clone();
-    execution.post_accounts.get_mut(&address).unwrap().as_mut().unwrap().data[0] ^= 1;
+    let address = execution
+        .post_accounts
+        .iter()
+        .find(|(_, account)| account.as_ref().is_some_and(|a| a.data.len() > 4))
+        .unwrap()
+        .0
+        .clone();
+    execution
+        .post_accounts
+        .get_mut(&address)
+        .unwrap()
+        .as_mut()
+        .unwrap()
+        .data[0] ^= 1;
     let first = compare_v2(&record.expected, &resolved.expected_accounts, &execution);
-    assert!(first.failures.contains(&format!("account:{address}:raw_data")),
-        "post_state_raw_mismatch_ignored");
-    let account = execution.post_accounts.get_mut(&address).unwrap().as_mut().unwrap();
+    assert!(
+        first
+            .failures
+            .contains(&format!("account:{address}:raw_data")),
+        "post_state_raw_mismatch_ignored"
+    );
+    let account = execution
+        .post_accounts
+        .get_mut(&address)
+        .unwrap()
+        .as_mut()
+        .unwrap();
     account.data[0] ^= 1;
     let last = account.data.len() - 1;
     account.data[last] ^= 1;
Diff in /Users/thomas/Downloads/Upgrade Impact CI/engine/tests/universal_mutations.rs:126:
     let second = compare_v2(&record.expected, &resolved.expected_accounts, &execution);
-    assert!(second.failures.contains(&format!("account:{address}:raw_data")),
-        "typed_equality_must_not_hide_raw_tail_mismatch");
+    assert!(
+        second
+            .failures
+            .contains(&format!("account:{address}:raw_data")),
+        "typed_equality_must_not_hide_raw_tail_mismatch"
+    );
 
     // 13: Actual Token-2022 extension state cannot be decoded as legacy SPL.
-    let token2022 = resolved.seeds.values().find(|a| TokenProgram::of(&a.owner)
-        == Some(TokenProgram::Token2022) && a.data.len() > 165).unwrap();
-    assert!(TokenProgram::SplToken.account_amount(&token2022.data).is_none()
-        && TokenProgram::Token2022.account_amount(&token2022.data).is_some(),
-        "token_2022_account_decoded_as_legacy_token");
+    let token2022 = resolved
+        .seeds
+        .values()
+        .find(|a| TokenProgram::of(&a.owner) == Some(TokenProgram::Token2022) && a.data.len() > 165)
+        .unwrap();
+    assert!(
+        TokenProgram::SplToken
+            .account_amount(&token2022.data)
+            .is_none()
+            && TokenProgram::Token2022
+                .account_amount(&token2022.data)
+                .is_some(),
+        "token_2022_account_decoded_as_legacy_token"
+    );
 }
 
 #[test]
Diff in /Users/thomas/Downloads/Upgrade Impact CI/engine/tests/universal_mutations.rs:139:
 fn backend_capability_is_not_a_protocol_verdict() {
     let (record, _) = fixture();
-    assert_eq!(record.runtime.capability(), RuntimeCapability::SupportedByCurrentBackend);
+    assert_eq!(
+        record.runtime.capability(),
+        RuntimeCapability::SupportedByCurrentBackend
+    );
     let mut unknown_feature = record.runtime.clone();
     unknown_feature.feature_profile = "future validator feature set".into();
-    assert!(matches!(unknown_feature.capability(), RuntimeCapability::UnsupportedRuntimeFeature(_)),
-        "backend limitation cannot be reported as protocol unsupported");
+    assert!(
+        matches!(
+            unknown_feature.capability(),
+            RuntimeCapability::UnsupportedRuntimeFeature(_)
+        ),
+        "backend limitation cannot be reported as protocol unsupported"
+    );
     let mut missing = record.runtime.clone();
     missing.provenance.clear();
-    assert!(matches!(missing.capability(), RuntimeCapability::InsufficientRuntimeEvidence(_)),
-        "missing runtime evidence needs its own status");
+    assert!(
+        matches!(
+            missing.capability(),
+            RuntimeCapability::InsufficientRuntimeEvidence(_)
+        ),
+        "missing runtime evidence needs its own status"
+    );
     let mut unproved_hashes = record.runtime.clone();
     unproved_hashes.slot_hashes_policy = "historical".into();
-    assert!(matches!(unproved_hashes.capability(), RuntimeCapability::InsufficientRuntimeEvidence(_)),
-        "historical SlotHashes policy requires historical bytes");
+    assert!(
+        matches!(
+            unproved_hashes.capability(),
+            RuntimeCapability::InsufficientRuntimeEvidence(_)
+        ),
+        "historical SlotHashes policy requires historical bytes"
+    );
 }
 
 #[test]
Diff in /Users/thomas/Downloads/Upgrade Impact CI/engine/tests/universal_mutations.rs:157:
 fn generic_replay_core_has_no_protocol_identity_branches() {
-    for source in [include_str!("../src/universal/model.rs"),
+    for source in [
+        include_str!("../src/universal/model.rs"),
         include_str!("../src/universal/execution.rs"),
         include_str!("../src/universal/evidence.rs"),
         include_str!("../src/universal/resolver.rs"),
Diff in /Users/thomas/Downloads/Upgrade Impact CI/engine/tests/universal_mutations.rs:162:
         include_str!("../src/universal/fidelity.rs"),
         include_str!("../src/universal/pipeline.rs"),
-        include_str!("../src/universal/bundle.rs")] {
-        assert!(!source.contains("KLend2g3") && !source.contains("kamino::")
-            && !source.contains("stake_pool::"),
-            "executor_branch_on_kamino_or_stake_pool_id");
+        include_str!("../src/universal/bundle.rs"),
+    ] {
+        assert!(
+            !source.contains("KLend2g3")
+                && !source.contains("kamino::")
+                && !source.contains("stake_pool::"),
+            "executor_branch_on_kamino_or_stake_pool_id"
+        );
     }
 }
 
Diff in /Users/thomas/Downloads/Upgrade Impact CI/engine/tests/universal_no_adapter.rs:1:
 use std::path::PathBuf;
 
-use eplyx_engine::{protocol::adapter_for,
-    universal::{evidence::EvidenceStore, model::{InstructionRole, ReplayObservationV2}, pipeline}};
+use eplyx_engine::{
+    protocol::adapter_for,
+    universal::{
+        evidence::EvidenceStore,
+        model::{InstructionRole, ReplayObservationV2},
+        pipeline,
+    },
+};
 
 #[test]
 fn historical_dependency_replays_without_a_semantic_adapter() {
Diff in /Users/thomas/Downloads/Upgrade Impact CI/engine/tests/universal_no_adapter.rs:8:
     let root = PathBuf::from(env!("CARGO_MANIFEST_DIR")).join("../docs/examples/phase-u4-kamino");
-    let mut record: ReplayObservationV2 = serde_json::from_slice(&std::fs::read(root.join(
-        "records/e56202c8fdcd443d1deba455ab04f2bc6f16689f83a7c107bb98765ec2da626f.json"))
-        .expect("frozen T1 record")).expect("schema-2 observation");
+    let mut record: ReplayObservationV2 =
+        serde_json::from_slice(
+            &std::fs::read(root.join(
+                "records/e56202c8fdcd443d1deba455ab04f2bc6f16689f83a7c107bb98765ec2da626f.json",
+            ))
+            .expect("frozen T1 record"),
+        )
+        .expect("schema-2 observation");
     let store = EvidenceStore::at(root.join("evidence"));
-    let original = record.resolve(&store).expect("historical evidence resolves");
+    let original = record
+        .resolve(&store)
+        .expect("historical evidence resolves");
     let scope = "HFn8GnPADiny6XqUoWE8uRPPxb29ikn4yTuPa9MF2fWJ";
-    let scope_index = original.message.transaction.instructions.iter()
-        .position(|ix| ix.program == scope).expect("Scope executed in complete envelope");
+    let scope_index = original
+        .message
+        .transaction
+        .instructions
+        .iter()
+        .position(|ix| ix.program == scope)
+        .expect("Scope executed in complete envelope");
     record.program_id = scope.into();
     record.protocol = "uninterpreted-scope".into();
     record.target.program_id = scope.into();
Diff in /Users/thomas/Downloads/Upgrade Impact CI/engine/tests/universal_no_adapter.rs:20:
     record.target.outer_index = scope_index;
     record.target.instruction_identity = "uninterpreted-execution-dependency".into();
     record.instruction_roles.iter_mut().for_each(|role| {
-        if role.role == InstructionRole::SemanticTarget { role.role = InstructionRole::TargetPrerequisite; }
-        if role.outer_index == scope_index { role.role = InstructionRole::SemanticTarget; }
+        if role.role == InstructionRole::SemanticTarget {
+            role.role = InstructionRole::TargetPrerequisite;
+        }
+        if role.outer_index == scope_index {
+            role.role = InstructionRole::SemanticTarget;
+        }
     });
     record.id = record.identity().expect("new observation identity");
-    assert!(adapter_for(scope).is_none(), "the dependency has no economic adapter");
-    let resolved = record.resolve(&store).expect("unknown protocol still resolves");
+    assert!(
+        adapter_for(scope).is_none(),
+        "the dependency has no economic adapter"
+    );
+    let resolved = record
+        .resolve(&store)
+        .expect("unknown protocol still resolves");
     let (execution, fidelity) = pipeline::baseline(&record, &resolved)
         .expect("unknown protocol executes with full historical fidelity");
-    assert!(execution.success && fidelity.matched(), "semantic absence cannot veto replay");
+    assert!(
+        execution.success && fidelity.matched(),
+        "semantic absence cannot veto replay"
+    );
 }
 
